Projeto,Linha de ação,Região,Indicador regionalizado
1,1.1,Aricanduva (AF),3
1,1.1,Butantã (BT),15
1,1.1,Campo Limpo (CL),2
1,1.1,Capela do Socorro (CS),9
1,1.1,Casa Verde (CV),6
1,1.1,Cidade Ademar (AD),0
1,1.1,Cidade Tiradentes (CT),1
1,1.1,Ermelino Matarazzo (EM),4
1,1.1,Freguesia/Brasilândia (FO),4
1,1.1,Guaianases (G),1
1,1.1,Ipiranga (IP),7
1,1.1,Itaim Paulista (IT),4
1,1.1,Itaquera (IQ),2
1,1.1,Jabaquara (JA),2
1,1.1,Jaçanã/Tremembé (JT),0
1,1.1,Lapa (LA),1
1,1.1,M´Boi Mirim (MB),0
1,1.1,Mooca (MO),0
1,1.1,Parelheiros (PA),0
1,1.1,Penha (PE),2
1,1.1,Perus (PR),0
1,1.1,Pinheiros (PI),0
1,1.1,Pirituba/Jaraguá (PJ),6
1,1.1,Santana/Tucuruvi (ST),4
1,1.1,Santo Amaro (SA),0
1,1.1,São Mateus (SM),4
1,1.1,São Miguel Paulista (MP),4
1,1.1,Sapopemba (SP),1
1,1.1,Sé (SE),16
1,1.1,Vila Maria/Vila Guilherme (MG),0
1,1.1,Vila Mariana (VM),0
1,1.1,Vila Prudente (VP),2
1,1.1,A definir,0
1,1.1,Supraregional,0
1,1.2,Aricanduva (AF),6
1,1.2,Butantã (BT),20
1,1.2,Campo Limpo (CL),41
1,1.2,Capela do Socorro (CS),43
1,1.2,Casa Verde (CV),25
1,1.2,Cidade Ademar (AD),0
1,1.2,Cidade Tiradentes (CT),25
1,1.2,Ermelino Matarazzo (EM),22
1,1.2,Freguesia/Brasilândia (FO),25
1,1.2,Guaianases (G),25
1,1.2,Ipiranga (IP),45
1,1.2,Itaim Paulista (IT),25
1,1.2,Itaquera (IQ),25
1,1.2,Jabaquara (JA),9
1,1.2,Jaçanã/Tremembé (JT),7
1,1.2,Lapa (LA),20
1,1.2,M´Boi Mirim (MB),84
1,1.2,Mooca (MO),6
1,1.2,Parelheiros (PA),22
1,1.2,Penha (PE),24
1,1.2,Perus (PR),25
1,1.2,Pinheiros (PI),20
1,1.2,Pirituba/Jaraguá (PJ),25
1,1.2,Santana/Tucuruvi (ST),8
1,1.2,Santo Amaro (SA),0
1,1.2,São Mateus (SM),25
1,1.2,São Miguel Paulista (MP),25
1,1.2,Sapopemba (SP),15
1,1.2,Sé (SE),25
1,1.2,Vila Maria/Vila Guilherme (MG),15
1,1.2,Vila Mariana (VM),9
1,1.2,Vila Prudente (VP),9
1,1.2,A definir,0
1,1.2,Supraregional,0
1,1.3,Aricanduva (AF),0
1,1.3,Butantã (BT),3
1,1.3,Campo Limpo (CL),0
1,1.3,Capela do Socorro (CS),0
1,1.3,Casa Verde (CV),3
1,1.3,Cidade Ademar (AD),0
1,1.3,Cidade Tiradentes (CT),1
1,1.3,Ermelino Matarazzo (EM),2
1,1.3,Freguesia/Brasilândia (FO),3
1,1.3,Guaianases (G),1
1,1.3,Ipiranga (IP),1
1,1.3,Itaim Paulista (IT),1
1,1.3,Itaquera (IQ),1
1,1.3,Jabaquara (JA),0
1,1.3,Jaçanã/Tremembé (JT),0
1,1.3,Lapa (LA),1
1,1.3,M´Boi Mirim (MB),7
1,1.3,Mooca (MO),0
1,1.3,Parelheiros (PA),3
1,1.3,Penha (PE),1
1,1.3,Perus (PR),0
1,1.3,Pinheiros (PI),0
1,1.3,Pirituba/Jaraguá (PJ),1
1,1.3,Santana/Tucuruvi (ST),1
1,1.3,Santo Amaro (SA),0
1,1.3,São Mateus (SM),1
1,1.3,São Miguel Paulista (MP),1
1,1.3,Sapopemba (SP),1
1,1.3,Sé (SE),0
1,1.3,Vila Maria/Vila Guilherme (MG),0
1,1.3,Vila Mariana (VM),0
1,1.3,Vila Prudente (VP),0
1,1.3,A definir,0
1,1.3,Supraregional,0
1,1.4,Aricanduva (AF),1
1,1.4,Butantã (BT),11
1,1.4,Campo Limpo (CL),8
1,1.4,Capela do Socorro (CS),0
1,1.4,Casa Verde (CV),2
1,1.4,Cidade Ademar (AD),0
1,1.4,Cidade Tiradentes (CT),1
1,1.4,Ermelino Matarazzo (EM),0
1,1.4,Freguesia/Brasilândia (FO),6
1,1.4,Guaianases (G),0
1,1.4,Ipiranga (IP),0
1,1.4,Itaim Paulista (IT),3
1,1.4,Itaquera (IQ),7
1,1.4,Jabaquara (JA),3
1,1.4,Jaçanã/Tremembé (JT),0
1,1.4,Lapa (LA),1
1,1.4,M´Boi Mirim (MB),34
1,1.4,Mooca (MO),0
1,1.4,Parelheiros (PA),3
1,1.4,Penha (PE),3
1,1.4,Perus (PR),0
1,1.4,Pinheiros (PI),0
1,1.4,Pirituba/Jaraguá (PJ),0
1,1.4,Santana/Tucuruvi (ST),1
1,1.4,Santo Amaro (SA),0
1,1.4,São Mateus (SM),2
1,1.4,São Miguel Paulista (MP),6
1,1.4,Sapopemba (SP),3
1,1.4,Sé (SE),0
1,1.4,Vila Maria/Vila Guilherme (MG),5
1,1.4,Vila Mariana (VM),0
1,1.4,Vila Prudente (VP),0
1,1.4,A definir,0
1,1.4,Supraregional,0
1,1.9,Aricanduva (AF),0
1,1.9,Butantã (BT),1
1,1.9,Campo Limpo (CL),0
1,1.9,Capela do Socorro (CS),0
1,1.9,Casa Verde (CV),0
1,1.9,Cidade Ademar (AD),0
1,1.9,Cidade Tiradentes (CT),1
1,1.9,Ermelino Matarazzo (EM),0
1,1.9,Freguesia/Brasilândia (FO),0
1,1.9,Guaianases (G),0
1,1.9,Ipiranga (IP),0
1,1.9,Itaim Paulista (IT),1
1,1.9,Itaquera (IQ),0
1,1.9,Jabaquara (JA),0
1,1.9,Jaçanã/Tremembé (JT),1
1,1.9,Lapa (LA),0
1,1.9,M´Boi Mirim (MB),0
1,1.9,Mooca (MO),0
1,1.9,Parelheiros (PA),0
1,1.9,Penha (PE),2
1,1.9,Perus (PR),0
1,1.9,Pinheiros (PI),0
1,1.9,Pirituba/Jaraguá (PJ),2
1,1.9,Santana/Tucuruvi (ST),0
1,1.9,Santo Amaro (SA),0
1,1.9,São Mateus (SM),0
1,1.9,São Miguel Paulista (MP),3
1,1.9,Sapopemba (SP),1
1,1.9,Sé (SE),1
1,1.9,Vila Maria/Vila Guilherme (MG),0
1,1.9,Vila Mariana (VM),0
1,1.9,Vila Prudente (VP),1
1,1.9,A definir,0
1,1.9,Supraregional,0
1,1.10,Aricanduva (AF),2
1,1.10,Butantã (BT),5
1,1.10,Campo Limpo (CL),6
1,1.10,Capela do Socorro (CS),14
1,1.10,Casa Verde (CV),6
1,1.10,Cidade Ademar (AD),1
1,1.10,Cidade Tiradentes (CT),1
1,1.10,Ermelino Matarazzo (EM),4
1,1.10,Freguesia/Brasilândia (FO),6
1,1.10,Guaianases (G),2
1,1.10,Ipiranga (IP),5
1,1.10,Itaim Paulista (IT),5
1,1.10,Itaquera (IQ),9
1,1.10,Jabaquara (JA),0
1,1.10,Jaçanã/Tremembé (JT),1
1,1.10,Lapa (LA),3
1,1.10,M´Boi Mirim (MB),7
1,1.10,Mooca (MO),1
1,1.10,Parelheiros (PA),5
1,1.10,Penha (PE),2
1,1.10,Perus (PR),6
1,1.10,Pinheiros (PI),2
1,1.10,Pirituba/Jaraguá (PJ),9
1,1.10,Santana/Tucuruvi (ST),6
1,1.10,Santo Amaro (SA),0
1,1.10,São Mateus (SM),9
1,1.10,São Miguel Paulista (MP),2
1,1.10,Sapopemba (SP),1
1,1.10,Sé (SE),9
1,1.10,Vila Maria/Vila Guilherme (MG),6
1,1.10,Vila Mariana (VM),0
1,1.10,Vila Prudente (VP),0
1,1.10,A definir,15
1,1.10,Supraregional,0
2,2.1,Aricanduva (AF),9
2,2.1,Butantã (BT),14
2,2.1,Campo Limpo (CL),28
2,2.1,Capela do Socorro (CS),21
2,2.1,Casa Verde (CV),13
2,2.1,Cidade Ademar (AD),21
2,2.1,Cidade Tiradentes (CT),12
2,2.1,Ermelino Matarazzo (EM),11
2,2.1,Freguesia/Brasilândia (FO),17
2,2.1,Guaianases (G),13
2,2.1,Ipiranga (IP),18
2,2.1,Itaim Paulista (IT),15
2,2.1,Itaquera (IQ),23
2,2.1,Jabaquara (JA),9
2,2.1,Jaçanã/Tremembé (JT),11
2,2.1,Lapa (LA),9
2,2.1,M´Boi Mirim (MB),31
2,2.1,Mooca (MO),8
2,2.1,Parelheiros (PA),18
2,2.1,Penha (PE),21
2,2.1,Perus (PR),7
2,2.1,Pinheiros (PI),5
2,2.1,Pirituba/Jaraguá (PJ),20
2,2.1,Santana/Tucuruvi (ST),8
2,2.1,Santo Amaro (SA),5
2,2.1,São Mateus (SM),22
2,2.1,São Miguel Paulista (MP),15
2,2.1,Sapopemba (SP),15
2,2.1,Sé (SE),8
2,2.1,Vila Maria/Vila Guilherme (MG),13
2,2.1,Vila Mariana (VM),4
2,2.1,Vila Prudente (VP),8
2,2.1,A definir,0
2,2.1,Supraregional,0
2,2.3,Aricanduva (AF),0
2,2.3,Butantã (BT),2
2,2.3,Campo Limpo (CL),0
2,2.3,Capela do Socorro (CS),2
2,2.3,Casa Verde (CV),2
2,2.3,Cidade Ademar (AD),1
2,2.3,Cidade Tiradentes (CT),2
2,2.3,Ermelino Matarazzo (EM),5
2,2.3,Freguesia/Brasilândia (FO),4
2,2.3,Guaianases (G),6
2,2.3,Ipiranga (IP),3
2,2.3,Itaim Paulista (IT),2
2,2.3,Itaquera (IQ),4
2,2.3,Jabaquara (JA),1
2,2.3,Jaçanã/Tremembé (JT),0
2,2.3,Lapa (LA),3
2,2.3,M´Boi Mirim (MB),1
2,2.3,Mooca (MO),0
2,2.3,Parelheiros (PA),0
2,2.3,Penha (PE),0
2,2.3,Perus (PR),1
2,2.3,Pinheiros (PI),1
2,2.3,Pirituba/Jaraguá (PJ),2
2,2.3,Santana/Tucuruvi (ST),3
2,2.3,Santo Amaro (SA),1
2,2.3,São Mateus (SM),5
2,2.3,São Miguel Paulista (MP),5
2,2.3,Sapopemba (SP),3
2,2.3,Sé (SE),4
2,2.3,Vila Maria/Vila Guilherme (MG),3
2,2.3,Vila Mariana (VM),0
2,2.3,Vila Prudente (VP),1
2,2.3,A definir,0
2,2.3,Supraregional,0
2,2.10,Aricanduva (AF),1
2,2.10,Butantã (BT),0
2,2.10,Campo Limpo (CL),0
2,2.10,Capela do Socorro (CS),1
2,2.10,Casa Verde (CV),0
2,2.10,Cidade Ademar (AD),0
2,2.10,Cidade Tiradentes (CT),0
2,2.10,Ermelino Matarazzo (EM),0
2,2.10,Freguesia/Brasilândia (FO),0
2,2.10,Guaianases (G),0
2,2.10,Ipiranga (IP),0
2,2.10,Itaim Paulista (IT),0
2,2.10,Itaquera (IQ),1
2,2.10,Jabaquara (JA),0
2,2.10,Jaçanã/Tremembé (JT),0
2,2.10,Lapa (LA),0
2,2.10,M´Boi Mirim (MB),0
2,2.10,Mooca (MO),0
2,2.10,Parelheiros (PA),0
2,2.10,Penha (PE),1
2,2.10,Perus (PR),0
2,2.10,Pinheiros (PI),0
2,2.10,Pirituba/Jaraguá (PJ),1
2,2.10,Santana/Tucuruvi (ST),0
2,2.10,Santo Amaro (SA),0
2,2.10,São Mateus (SM),0
2,2.10,São Miguel Paulista (MP),0
2,2.10,Sapopemba (SP),0
2,2.10,Sé (SE),0
2,2.10,Vila Maria/Vila Guilherme (MG),0
2,2.10,Vila Mariana (VM),0
2,2.10,Vila Prudente (VP),0
2,2.10,A definir,0
2,2.10,Supraregional,0
2,2.11,Aricanduva (AF),1
2,2.11,Butantã (BT),1
2,2.11,Campo Limpo (CL),1
2,2.11,Capela do Socorro (CS),0
2,2.11,Casa Verde (CV),0
2,2.11,Cidade Ademar (AD),0
2,2.11,Cidade Tiradentes (CT),1
2,2.11,Ermelino Matarazzo (EM),0
2,2.11,Freguesia/Brasilândia (FO),2
2,2.11,Guaianases (G),1
2,2.11,Ipiranga (IP),1
2,2.11,Itaim Paulista (IT),1
2,2.11,Itaquera (IQ),1
2,2.11,Jabaquara (JA),0
2,2.11,Jaçanã/Tremembé (JT),1
2,2.11,Lapa (LA),1
2,2.11,M´Boi Mirim (MB),1
2,2.11,Mooca (MO),0
2,2.11,Parelheiros (PA),1
2,2.11,Penha (PE),1
2,2.11,Perus (PR),1
2,2.11,Pinheiros (PI),0
2,2.11,Pirituba/Jaraguá (PJ),0
2,2.11,Santana/Tucuruvi (ST),1
2,2.11,Santo Amaro (SA),2
2,2.11,São Mateus (SM),1
2,2.11,São Miguel Paulista (MP),0
2,2.11,Sapopemba (SP),1
2,2.11,Sé (SE),1
2,2.11,Vila Maria/Vila Guilherme (MG),1
2,2.11,Vila Mariana (VM),1
2,2.11,Vila Prudente (VP),1
2,2.11,A definir,0
2,2.11,Supraregional,0
3,3.5,Aricanduva (AF),3
3,3.5,Butantã (BT),4
3,3.5,Campo Limpo (CL),3
3,3.5,Capela do Socorro (CS),4
3,3.5,Casa Verde (CV),4
3,3.5,Cidade Ademar (AD),3
3,3.5,Cidade Tiradentes (CT),5
3,3.5,Ermelino Matarazzo (EM),5
3,3.5,Freguesia/Brasilândia (FO),6
3,3.5,Guaianases (G),3
3,3.5,Ipiranga (IP),2
3,3.5,Itaim Paulista (IT),5
3,3.5,Itaquera (IQ),7
3,3.5,Jabaquara (JA),5
3,3.5,Jaçanã/Tremembé (JT),1
3,3.5,Lapa (LA),3
3,3.5,M´Boi Mirim (MB),2
3,3.5,Mooca (MO),2
3,3.5,Parelheiros (PA),8
3,3.5,Penha (PE),5
3,3.5,Perus (PR),3
3,3.5,Pinheiros (PI),5
3,3.5,Pirituba/Jaraguá (PJ),5
3,3.5,Santana/Tucuruvi (ST),2
3,3.5,Santo Amaro (SA),2
3,3.5,São Mateus (SM),3
3,3.5,São Miguel Paulista (MP),4
3,3.5,Sapopemba (SP),4
3,3.5,Sé (SE),4
3,3.5,Vila Maria/Vila Guilherme (MG),5
3,3.5,Vila Mariana (VM),4
3,3.5,Vila Prudente (VP),4
3,3.5,A definir,0
3,3.5,Supraregional,0
3,3.8,Aricanduva (AF),3
3,3.8,Butantã (BT),6
3,3.8,Campo Limpo (CL),6
3,3.8,Capela do Socorro (CS),4
3,3.8,Casa Verde (CV),3
3,3.8,Cidade Ademar (AD),6
3,3.8,Cidade Tiradentes (CT),4
3,3.8,Ermelino Matarazzo (EM),5
3,3.8,Freguesia/Brasilândia (FO),5
3,3.8,Guaianases (G),3
3,3.8,Ipiranga (IP),5
3,3.8,Itaim Paulista (IT),3
3,3.8,Itaquera (IQ),11
3,3.8,Jabaquara (JA),11
3,3.8,Jaçanã/Tremembé (JT),3
3,3.8,Lapa (LA),3
3,3.8,M´Boi Mirim (MB),10
3,3.8,Mooca (MO),7
3,3.8,Parelheiros (PA),3
3,3.8,Penha (PE),9
3,3.8,Perus (PR),3
3,3.8,Pinheiros (PI),1
3,3.8,Pirituba/Jaraguá (PJ),8
3,3.8,Santana/Tucuruvi (ST),5
3,3.8,Santo Amaro (SA),2
3,3.8,São Mateus (SM),6
3,3.8,São Miguel Paulista (MP),5
3,3.8,Sapopemba (SP),4
3,3.8,Sé (SE),6
3,3.8,Vila Maria/Vila Guilherme (MG),5
3,3.8,Vila Mariana (VM),1
3,3.8,Vila Prudente (VP),2
3,3.8,A definir,0
3,3.8,Supraregional,0
3,3.9,Aricanduva (AF),3
3,3.9,Butantã (BT),6
3,3.9,Campo Limpo (CL),6
3,3.9,Capela do Socorro (CS),4
3,3.9,Casa Verde (CV),3
3,3.9,Cidade Ademar (AD),6
3,3.9,Cidade Tiradentes (CT),4
3,3.9,Ermelino Matarazzo (EM),5
3,3.9,Freguesia/Brasilândia (FO),5
3,3.9,Guaianases (G),3
3,3.9,Ipiranga (IP),5
3,3.9,Itaim Paulista (IT),3
3,3.9,Itaquera (IQ),11
3,3.9,Jabaquara (JA),11
3,3.9,Jaçanã/Tremembé (JT),3
3,3.9,Lapa (LA),3
3,3.9,M´Boi Mirim (MB),10
3,3.9,Mooca (MO),7
3,3.9,Parelheiros (PA),3
3,3.9,Penha (PE),9
3,3.9,Perus (PR),3
3,3.9,Pinheiros (PI),1
3,3.9,Pirituba/Jaraguá (PJ),8
3,3.9,Santana/Tucuruvi (ST),5
3,3.9,Santo Amaro (SA),2
3,3.9,São Mateus (SM),6
3,3.9,São Miguel Paulista (MP),5
3,3.9,Sapopemba (SP),4
3,3.9,Sé (SE),6
3,3.9,Vila Maria/Vila Guilherme (MG),5
3,3.9,Vila Mariana (VM),1
3,3.9,Vila Prudente (VP),2
3,3.9,A definir,0
3,3.9,Supraregional,0
3,3.11,Aricanduva (AF),0
3,3.11,Butantã (BT),0
3,3.11,Campo Limpo (CL),0
3,3.11,Capela do Socorro (CS),0
3,3.11,Casa Verde (CV),0
3,3.11,Cidade Ademar (AD),0
3,3.11,Cidade Tiradentes (CT),1
3,3.11,Ermelino Matarazzo (EM),1
3,3.11,Freguesia/Brasilândia (FO),0
3,3.11,Guaianases (G),1
3,3.11,Ipiranga (IP),0
3,3.11,Itaim Paulista (IT),0
3,3.11,Itaquera (IQ),0
3,3.11,Jabaquara (JA),1
3,3.11,Jaçanã/Tremembé (JT),1
3,3.11,Lapa (LA),0
3,3.11,M´Boi Mirim (MB),0
3,3.11,Mooca (MO),1
3,3.11,Parelheiros (PA),1
3,3.11,Penha (PE),0
3,3.11,Perus (PR),1
3,3.11,Pinheiros (PI),0
3,3.11,Pirituba/Jaraguá (PJ),2
3,3.11,Santana/Tucuruvi (ST),0
3,3.11,Santo Amaro (SA),0
3,3.11,São Mateus (SM),0
3,3.11,São Miguel Paulista (MP),1
3,3.11,Sapopemba (SP),0
3,3.11,Sé (SE),0
3,3.11,Vila Maria/Vila Guilherme (MG),0
3,3.11,Vila Mariana (VM),1
3,3.11,Vila Prudente (VP),0
3,3.11,A definir,0
3,3.11,Supraregional,0
3,3.12,Aricanduva (AF),0
3,3.12,Butantã (BT),1
3,3.12,Campo Limpo (CL),2
3,3.12,Capela do Socorro (CS),1
3,3.12,Casa Verde (CV),1
3,3.12,Cidade Ademar (AD),0
3,3.12,Cidade Tiradentes (CT),0
3,3.12,Ermelino Matarazzo (EM),1
3,3.12,Freguesia/Brasilândia (FO),1
3,3.12,Guaianases (G),1
3,3.12,Ipiranga (IP),2
3,3.12,Itaim Paulista (IT),0
3,3.12,Itaquera (IQ),3
3,3.12,Jabaquara (JA),2
3,3.12,Jaçanã/Tremembé (JT),0
3,3.12,Lapa (LA),1
3,3.12,M´Boi Mirim (MB),1
3,3.12,Mooca (MO),2
3,3.12,Parelheiros (PA),2
3,3.12,Penha (PE),2
3,3.12,Perus (PR),1
3,3.12,Pinheiros (PI),1
3,3.12,Pirituba/Jaraguá (PJ),1
3,3.12,Santana/Tucuruvi (ST),1
3,3.12,Santo Amaro (SA),1
3,3.12,São Mateus (SM),0
3,3.12,São Miguel Paulista (MP),1
3,3.12,Sapopemba (SP),0
3,3.12,Sé (SE),3
3,3.12,Vila Maria/Vila Guilherme (MG),1
3,3.12,Vila Mariana (VM),0
3,3.12,Vila Prudente (VP),0
3,3.12,A definir,0
3,3.12,Supraregional,0
3,3.13,Aricanduva (AF),0
3,3.13,Butantã (BT),0
3,3.13,Campo Limpo (CL),0
3,3.13,Capela do Socorro (CS),0
3,3.13,Casa Verde (CV),0
3,3.13,Cidade Ademar (AD),0
3,3.13,Cidade Tiradentes (CT),0
3,3.13,Ermelino Matarazzo (EM),0
3,3.13,Freguesia/Brasilândia (FO),1
3,3.13,Guaianases (G),0
3,3.13,Ipiranga (IP),0
3,3.13,Itaim Paulista (IT),0
3,3.13,Itaquera (IQ),0
3,3.13,Jabaquara (JA),0
3,3.13,Jaçanã/Tremembé (JT),0
3,3.13,Lapa (LA),0
3,3.13,M´Boi Mirim (MB),0
3,3.13,Mooca (MO),0
3,3.13,Parelheiros (PA),1
3,3.13,Penha (PE),0
3,3.13,Perus (PR),0
3,3.13,Pinheiros (PI),0
3,3.13,Pirituba/Jaraguá (PJ),0
3,3.13,Santana/Tucuruvi (ST),0
3,3.13,Santo Amaro (SA),0
3,3.13,São Mateus (SM),0
3,3.13,São Miguel Paulista (MP),0
3,3.13,Sapopemba (SP),0
3,3.13,Sé (SE),0
3,3.13,Vila Maria/Vila Guilherme (MG),0
3,3.13,Vila Mariana (VM),0
3,3.13,Vila Prudente (VP),0
3,3.13,A definir,0
3,3.13,Supraregional,0
4,4.3,Aricanduva (AF),9
4,4.3,Butantã (BT),14
4,4.3,Campo Limpo (CL),28
4,4.3,Capela do Socorro (CS),21
4,4.3,Casa Verde (CV),13
4,4.3,Cidade Ademar (AD),21
4,4.3,Cidade Tiradentes (CT),12
4,4.3,Ermelino Matarazzo (EM),11
4,4.3,Freguesia/Brasilândia (FO),17
4,4.3,Guaianases (G),13
4,4.3,Ipiranga (IP),18
4,4.3,Itaim Paulista (IT),15
4,4.3,Itaquera (IQ),23
4,4.3,Jabaquara (JA),9
4,4.3,Jaçanã/Tremembé (JT),11
4,4.3,Lapa (LA),9
4,4.3,M´Boi Mirim (MB),31
4,4.3,Mooca (MO),8
4,4.3,Parelheiros (PA),18
4,4.3,Penha (PE),21
4,4.3,Perus (PR),7
4,4.3,Pinheiros (PI),5
4,4.3,Pirituba/Jaraguá (PJ),20
4,4.3,Santana/Tucuruvi (ST),8
4,4.3,Santo Amaro (SA),5
4,4.3,São Mateus (SM),22
4,4.3,São Miguel Paulista (MP),15
4,4.3,Sapopemba (SP),15
4,4.3,Sé (SE),8
4,4.3,Vila Maria/Vila Guilherme (MG),13
4,4.3,Vila Mariana (VM),4
4,4.3,Vila Prudente (VP),8
4,4.3,A definir,0
4,4.3,Supraregional,0
4,4.6,Aricanduva (AF),9
4,4.6,Butantã (BT),14
4,4.6,Campo Limpo (CL),28
4,4.6,Capela do Socorro (CS),21
4,4.6,Casa Verde (CV),13
4,4.6,Cidade Ademar (AD),21
4,4.6,Cidade Tiradentes (CT),12
4,4.6,Ermelino Matarazzo (EM),11
4,4.6,Freguesia/Brasilândia (FO),17
4,4.6,Guaianases (G),13
4,4.6,Ipiranga (IP),18
4,4.6,Itaim Paulista (IT),15
4,4.6,Itaquera (IQ),23
4,4.6,Jabaquara (JA),9
4,4.6,Jaçanã/Tremembé (JT),11
4,4.6,Lapa (LA),9
4,4.6,M´Boi Mirim (MB),31
4,4.6,Mooca (MO),8
4,4.6,Parelheiros (PA),18
4,4.6,Penha (PE),21
4,4.6,Perus (PR),7
4,4.6,Pinheiros (PI),5
4,4.6,Pirituba/Jaraguá (PJ),20
4,4.6,Santana/Tucuruvi (ST),8
4,4.6,Santo Amaro (SA),5
4,4.6,São Mateus (SM),22
4,4.6,São Miguel Paulista (MP),15
4,4.6,Sapopemba (SP),15
4,4.6,Sé (SE),8
4,4.6,Vila Maria/Vila Guilherme (MG),13
4,4.6,Vila Mariana (VM),4
4,4.6,Vila Prudente (VP),8
4,4.6,A definir,0
4,4.6,Supraregional,0
5,5.2,Aricanduva (AF),13
5,5.2,Butantã (BT),14
5,5.2,Campo Limpo (CL),44
5,5.2,Capela do Socorro (CS),37
5,5.2,Casa Verde (CV),22
5,5.2,Cidade Ademar (AD),31
5,5.2,Cidade Tiradentes (CT),22
5,5.2,Ermelino Matarazzo (EM),24
5,5.2,Freguesia/Brasilândia (FO),39
5,5.2,Guaianases (G),26
5,5.2,Ipiranga (IP),32
5,5.2,Itaim Paulista (IT),28
5,5.2,Itaquera (IQ),42
5,5.2,Jabaquara (JA),19
5,5.2,Jaçanã/Tremembé (JT),18
5,5.2,Lapa (LA),19
5,5.2,M´Boi Mirim (MB),48
5,5.2,Mooca (MO),25
5,5.2,Parelheiros (PA),25
5,5.2,Penha (PE),37
5,5.2,Perus (PR),14
5,5.2,Pinheiros (PI),20
5,5.2,Pirituba/Jaraguá (PJ),33
5,5.2,Santana/Tucuruvi (ST),19
5,5.2,Santo Amaro (SA),17
5,5.2,São Mateus (SM),33
5,5.2,São Miguel Paulista (MP),26
5,5.2,Sapopemba (SP),25
5,5.2,Sé (SE),30
5,5.2,Vila Maria/Vila Guilherme (MG),25
5,5.2,Vila Mariana (VM),15
5,5.2,Vila Prudente (VP),18
5,5.2,A definir,0
5,5.2,Supraregional,0
6,6.2,Aricanduva (AF),9
6,6.2,Butantã (BT),15
6,6.2,Campo Limpo (CL),30
6,6.2,Capela do Socorro (CS),25
6,6.2,Casa Verde (CV),15
6,6.2,Cidade Ademar (AD),23
6,6.2,Cidade Tiradentes (CT),13
6,6.2,Ermelino Matarazzo (EM),13
6,6.2,Freguesia/Brasilândia (FO),19
6,6.2,Guaianases (G),14
6,6.2,Ipiranga (IP),20
6,6.2,Itaim Paulista (IT),16
6,6.2,Itaquera (IQ),25
6,6.2,Jabaquara (JA),10
6,6.2,Jaçanã/Tremembé (JT),11
6,6.2,Lapa (LA),10
6,6.2,M´Boi Mirim (MB),35
6,6.2,Mooca (MO),10
6,6.2,Parelheiros (PA),18
6,6.2,Penha (PE),22
6,6.2,Perus (PR),9
6,6.2,Pinheiros (PI),5
6,6.2,Pirituba/Jaraguá (PJ),22
6,6.2,Santana/Tucuruvi (ST),9
6,6.2,Santo Amaro (SA),6
6,6.2,São Mateus (SM),23
6,6.2,São Miguel Paulista (MP),16
6,6.2,Sapopemba (SP),16
6,6.2,Sé (SE),11
6,6.2,Vila Maria/Vila Guilherme (MG),16
6,6.2,Vila Mariana (VM),5
6,6.2,Vila Prudente (VP),10
6,6.2,A definir,0
6,6.2,Supraregional,0
6,6.3,Aricanduva (AF),9
6,6.3,Butantã (BT),15
6,6.3,Campo Limpo (CL),30
6,6.3,Capela do Socorro (CS),25
6,6.3,Casa Verde (CV),15
6,6.3,Cidade Ademar (AD),23
6,6.3,Cidade Tiradentes (CT),13
6,6.3,Ermelino Matarazzo (EM),13
6,6.3,Freguesia/Brasilândia (FO),19
6,6.3,Guaianases (G),14
6,6.3,Ipiranga (IP),20
6,6.3,Itaim Paulista (IT),16
6,6.3,Itaquera (IQ),25
6,6.3,Jabaquara (JA),10
6,6.3,Jaçanã/Tremembé (JT),11
6,6.3,Lapa (LA),10
6,6.3,M´Boi Mirim (MB),35
6,6.3,Mooca (MO),10
6,6.3,Parelheiros (PA),18
6,6.3,Penha (PE),22
6,6.3,Perus (PR),9
6,6.3,Pinheiros (PI),5
6,6.3,Pirituba/Jaraguá (PJ),22
6,6.3,Santana/Tucuruvi (ST),9
6,6.3,Santo Amaro (SA),6
6,6.3,São Mateus (SM),23
6,6.3,São Miguel Paulista (MP),16
6,6.3,Sapopemba (SP),16
6,6.3,Sé (SE),11
6,6.3,Vila Maria/Vila Guilherme (MG),16
6,6.3,Vila Mariana (VM),5
6,6.3,Vila Prudente (VP),10
6,6.3,A definir,0
6,6.3,Supraregional,0
7,7.6,Aricanduva (AF),0
7,7.6,Butantã (BT),1
7,7.6,Campo Limpo (CL),1
7,7.6,Capela do Socorro (CS),0
7,7.6,Casa Verde (CV),0
7,7.6,Cidade Ademar (AD),0
7,7.6,Cidade Tiradentes (CT),0
7,7.6,Ermelino Matarazzo (EM),1
7,7.6,Freguesia/Brasilândia (FO),0
7,7.6,Guaianases (G),0
7,7.6,Ipiranga (IP),0
7,7.6,Itaim Paulista (IT),0
7,7.6,Itaquera (IQ),1
7,7.6,Jabaquara (JA),0
7,7.6,Jaçanã/Tremembé (JT),0
7,7.6,Lapa (LA),0
7,7.6,M´Boi Mirim (MB),0
7,7.6,Mooca (MO),1
7,7.6,Parelheiros (PA),0
7,7.6,Penha (PE),0
7,7.6,Perus (PR),0
7,7.6,Pinheiros (PI),0
7,7.6,Pirituba/Jaraguá (PJ),1
7,7.6,Santana/Tucuruvi (ST),0
7,7.6,Santo Amaro (SA),0
7,7.6,São Mateus (SM),0
7,7.6,São Miguel Paulista (MP),1
7,7.6,Sapopemba (SP),0
7,7.6,Sé (SE),0
7,7.6,Vila Maria/Vila Guilherme (MG),1
7,7.6,Vila Mariana (VM),0
7,7.6,Vila Prudente (VP),0
7,7.6,A definir,0
7,7.6,Supraregional,0
7,7.11,Aricanduva (AF),0
7,7.11,Butantã (BT),0
7,7.11,Campo Limpo (CL),0
7,7.11,Capela do Socorro (CS),0
7,7.11,Casa Verde (CV),10
7,7.11,Cidade Ademar (AD),0
7,7.11,Cidade Tiradentes (CT),0
7,7.11,Ermelino Matarazzo (EM),10
7,7.11,Freguesia/Brasilândia (FO),0
7,7.11,Guaianases (G),0
7,7.11,Ipiranga (IP),0
7,7.11,Itaim Paulista (IT),0
7,7.11,Itaquera (IQ),0
7,7.11,Jabaquara (JA),0
7,7.11,Jaçanã/Tremembé (JT),0
7,7.11,Lapa (LA),0
7,7.11,M´Boi Mirim (MB),0
7,7.11,Mooca (MO),0
7,7.11,Parelheiros (PA),0
7,7.11,Penha (PE),0
7,7.11,Perus (PR),0
7,7.11,Pinheiros (PI),0
7,7.11,Pirituba/Jaraguá (PJ),0
7,7.11,Santana/Tucuruvi (ST),0
7,7.11,Santo Amaro (SA),0
7,7.11,São Mateus (SM),0
7,7.11,São Miguel Paulista (MP),0
7,7.11,Sapopemba (SP),0
7,7.11,Sé (SE),0
7,7.11,Vila Maria/Vila Guilherme (MG),0
7,7.11,Vila Mariana (VM),0
7,7.11,Vila Prudente (VP),0
7,7.11,A definir,0
7,7.11,Supraregional,0
11,11.4,Aricanduva (AF),9
11,11.4,Butantã (BT),14
11,11.4,Campo Limpo (CL),28
11,11.4,Capela do Socorro (CS),21
11,11.4,Casa Verde (CV),13
11,11.4,Cidade Ademar (AD),21
11,11.4,Cidade Tiradentes (CT),12
11,11.4,Ermelino Matarazzo (EM),11
11,11.4,Freguesia/Brasilândia (FO),17
11,11.4,Guaianases (G),13
11,11.4,Ipiranga (IP),18
11,11.4,Itaim Paulista (IT),15
11,11.4,Itaquera (IQ),23
11,11.4,Jabaquara (JA),9
11,11.4,Jaçanã/Tremembé (JT),11
11,11.4,Lapa (LA),9
11,11.4,M´Boi Mirim (MB),31
11,11.4,Mooca (MO),8
11,11.4,Parelheiros (PA),18
11,11.4,Penha (PE),21
11,11.4,Perus (PR),7
11,11.4,Pinheiros (PI),5
11,11.4,Pirituba/Jaraguá (PJ),20
11,11.4,Santana/Tucuruvi (ST),8
11,11.4,Santo Amaro (SA),5
11,11.4,São Mateus (SM),22
11,11.4,São Miguel Paulista (MP),15
11,11.4,Sapopemba (SP),15
11,11.4,Sé (SE),8
11,11.4,Vila Maria/Vila Guilherme (MG),13
11,11.4,Vila Mariana (VM),4
11,11.4,Vila Prudente (VP),8
11,11.4,A definir,0
11,11.4,Supraregional,0
11,11.6,Aricanduva (AF),0
11,11.6,Butantã (BT),1
11,11.6,Campo Limpo (CL),0
11,11.6,Capela do Socorro (CS),0
11,11.6,Casa Verde (CV),1
11,11.6,Cidade Ademar (AD),0
11,11.6,Cidade Tiradentes (CT),1
11,11.6,Ermelino Matarazzo (EM),1
11,11.6,Freguesia/Brasilândia (FO),0
11,11.6,Guaianases (G),0
11,11.6,Ipiranga (IP),0
11,11.6,Itaim Paulista (IT),0
11,11.6,Itaquera (IQ),1
11,11.6,Jabaquara (JA),2
11,11.6,Jaçanã/Tremembé (JT),1
11,11.6,Lapa (LA),0
11,11.6,M´Boi Mirim (MB),2
11,11.6,Mooca (MO),2
11,11.6,Parelheiros (PA),0
11,11.6,Penha (PE),1
11,11.6,Perus (PR),0
11,11.6,Pinheiros (PI),0
11,11.6,Pirituba/Jaraguá (PJ),1
11,11.6,Santana/Tucuruvi (ST),0
11,11.6,Santo Amaro (SA),0
11,11.6,São Mateus (SM),0
11,11.6,São Miguel Paulista (MP),1
11,11.6,Sapopemba (SP),1
11,11.6,Sé (SE),1
11,11.6,Vila Maria/Vila Guilherme (MG),1
11,11.6,Vila Mariana (VM),0
11,11.6,Vila Prudente (VP),0
11,11.6,A definir,0
11,11.6,Supraregional,0
11,11.7,Aricanduva (AF),0
11,11.7,Butantã (BT),1
11,11.7,Campo Limpo (CL),1
11,11.7,Capela do Socorro (CS),0
11,11.7,Casa Verde (CV),0
11,11.7,Cidade Ademar (AD),0
11,11.7,Cidade Tiradentes (CT),0
11,11.7,Ermelino Matarazzo (EM),0
11,11.7,Freguesia/Brasilândia (FO),0
11,11.7,Guaianases (G),0
11,11.7,Ipiranga (IP),0
11,11.7,Itaim Paulista (IT),0
11,11.7,Itaquera (IQ),1
11,11.7,Jabaquara (JA),0
11,11.7,Jaçanã/Tremembé (JT),0
11,11.7,Lapa (LA),0
11,11.7,M´Boi Mirim (MB),0
11,11.7,Mooca (MO),0
11,11.7,Parelheiros (PA),0
11,11.7,Penha (PE),0
11,11.7,Perus (PR),0
11,11.7,Pinheiros (PI),0
11,11.7,Pirituba/Jaraguá (PJ),1
11,11.7,Santana/Tucuruvi (ST),0
11,11.7,Santo Amaro (SA),0
11,11.7,São Mateus (SM),0
11,11.7,São Miguel Paulista (MP),0
11,11.7,Sapopemba (SP),0
11,11.7,Sé (SE),1
11,11.7,Vila Maria/Vila Guilherme (MG),0
11,11.7,Vila Mariana (VM),0
11,11.7,Vila Prudente (VP),1
11,11.7,A definir,0
11,11.7,Supraregional,0
11,11.8,Aricanduva (AF),0
11,11.8,Butantã (BT),0
11,11.8,Campo Limpo (CL),0
11,11.8,Capela do Socorro (CS),1
11,11.8,Casa Verde (CV),0
11,11.8,Cidade Ademar (AD),1
11,11.8,Cidade Tiradentes (CT),0
11,11.8,Ermelino Matarazzo (EM),0
11,11.8,Freguesia/Brasilândia (FO),0
11,11.8,Guaianases (G),0
11,11.8,Ipiranga (IP),1
11,11.8,Itaim Paulista (IT),0
11,11.8,Itaquera (IQ),0
11,11.8,Jabaquara (JA),0
11,11.8,Jaçanã/Tremembé (JT),0
11,11.8,Lapa (LA),0
11,11.8,M´Boi Mirim (MB),0
11,11.8,Mooca (MO),1
11,11.8,Parelheiros (PA),0
11,11.8,Penha (PE),0
11,11.8,Perus (PR),0
11,11.8,Pinheiros (PI),1
11,11.8,Pirituba/Jaraguá (PJ),0
11,11.8,Santana/Tucuruvi (ST),1
11,11.8,Santo Amaro (SA),1
11,11.8,São Mateus (SM),1
11,11.8,São Miguel Paulista (MP),0
11,11.8,Sapopemba (SP),0
11,11.8,Sé (SE),1
11,11.8,Vila Maria/Vila Guilherme (MG),1
11,11.8,Vila Mariana (VM),0
11,11.8,Vila Prudente (VP),0
11,11.8,A definir,0
11,11.8,Supraregional,0
11,11.9,Aricanduva (AF),1
11,11.9,Butantã (BT),0
11,11.9,Campo Limpo (CL),0
11,11.9,Capela do Socorro (CS),0
11,11.9,Casa Verde (CV),0
11,11.9,Cidade Ademar (AD),1
11,11.9,Cidade Tiradentes (CT),1
11,11.9,Ermelino Matarazzo (EM),1
11,11.9,Freguesia/Brasilândia (FO),1
11,11.9,Guaianases (G),1
11,11.9,Ipiranga (IP),1
11,11.9,Itaim Paulista (IT),0
11,11.9,Itaquera (IQ),1
11,11.9,Jabaquara (JA),1
11,11.9,Jaçanã/Tremembé (JT),0
11,11.9,Lapa (LA),1
11,11.9,M´Boi Mirim (MB),1
11,11.9,Mooca (MO),0
11,11.9,Parelheiros (PA),0
11,11.9,Penha (PE),1
11,11.9,Perus (PR),1
11,11.9,Pinheiros (PI),0
11,11.9,Pirituba/Jaraguá (PJ),1
11,11.9,Santana/Tucuruvi (ST),0
11,11.9,Santo Amaro (SA),1
11,11.9,São Mateus (SM),0
11,11.9,São Miguel Paulista (MP),0
11,11.9,Sapopemba (SP),1
11,11.9,Sé (SE),1
11,11.9,Vila Maria/Vila Guilherme (MG),1
11,11.9,Vila Mariana (VM),0
11,11.9,Vila Prudente (VP),1
11,11.9,A definir,0
11,11.9,Supraregional,0
11,11.10,Aricanduva (AF),1
11,11.10,Butantã (BT),0
11,11.10,Campo Limpo (CL),0
11,11.10,Capela do Socorro (CS),0
11,11.10,Casa Verde (CV),0
11,11.10,Cidade Ademar (AD),0
11,11.10,Cidade Tiradentes (CT),1
11,11.10,Ermelino Matarazzo (EM),0
11,11.10,Freguesia/Brasilândia (FO),1
11,11.10,Guaianases (G),0
11,11.10,Ipiranga (IP),0
11,11.10,Itaim Paulista (IT),1
11,11.10,Itaquera (IQ),1
11,11.10,Jabaquara (JA),1
11,11.10,Jaçanã/Tremembé (JT),0
11,11.10,Lapa (LA),0
11,11.10,M´Boi Mirim (MB),1
11,11.10,Mooca (MO),0
11,11.10,Parelheiros (PA),1
11,11.10,Penha (PE),1
11,11.10,Perus (PR),1
11,11.10,Pinheiros (PI),0
11,11.10,Pirituba/Jaraguá (PJ),1
11,11.10,Santana/Tucuruvi (ST),0
11,11.10,Santo Amaro (SA),1
11,11.10,São Mateus (SM),1
11,11.10,São Miguel Paulista (MP),0
11,11.10,Sapopemba (SP),0
11,11.10,Sé (SE),0
11,11.10,Vila Maria/Vila Guilherme (MG),1
11,11.10,Vila Mariana (VM),1
11,11.10,Vila Prudente (VP),1
11,11.10,A definir,0
11,11.10,Supraregional,0
11,11.11,Aricanduva (AF),2
11,11.11,Butantã (BT),2
11,11.11,Campo Limpo (CL),2
11,11.11,Capela do Socorro (CS),2
11,11.11,Casa Verde (CV),3
11,11.11,Cidade Ademar (AD),3
11,11.11,Cidade Tiradentes (CT),2
11,11.11,Ermelino Matarazzo (EM),2
11,11.11,Freguesia/Brasilândia (FO),2
11,11.11,Guaianases (G),2
11,11.11,Ipiranga (IP),2
11,11.11,Itaim Paulista (IT),2
11,11.11,Itaquera (IQ),2
11,11.11,Jabaquara (JA),2
11,11.11,Jaçanã/Tremembé (JT),2
11,11.11,Lapa (LA),2
11,11.11,M´Boi Mirim (MB),2
11,11.11,Mooca (MO),5
11,11.11,Parelheiros (PA),2
11,11.11,Penha (PE),2
11,11.11,Perus (PR),2
11,11.11,Pinheiros (PI),2
11,11.11,Pirituba/Jaraguá (PJ),2
11,11.11,Santana/Tucuruvi (ST),2
11,11.11,Santo Amaro (SA),2
11,11.11,São Mateus (SM),2
11,11.11,São Miguel Paulista (MP),2
11,11.11,Sapopemba (SP),2
11,11.11,Sé (SE),5
11,11.11,Vila Maria/Vila Guilherme (MG),2
11,11.11,Vila Mariana (VM),2
11,11.11,Vila Prudente (VP),2
11,11.11,A definir,0
11,11.11,Supraregional,0
11,11.12,Aricanduva (AF),0
11,11.12,Butantã (BT),2
11,11.12,Campo Limpo (CL),1
11,11.12,Capela do Socorro (CS),2
11,11.12,Casa Verde (CV),1
11,11.12,Cidade Ademar (AD),1
11,11.12,Cidade Tiradentes (CT),1
11,11.12,Ermelino Matarazzo (EM),0
11,11.12,Freguesia/Brasilândia (FO),1
11,11.12,Guaianases (G),0
11,11.12,Ipiranga (IP),1
11,11.12,Itaim Paulista (IT),1
11,11.12,Itaquera (IQ),1
11,11.12,Jabaquara (JA),0
11,11.12,Jaçanã/Tremembé (JT),0
11,11.12,Lapa (LA),1
11,11.12,M´Boi Mirim (MB),0
11,11.12,Mooca (MO),0
11,11.12,Parelheiros (PA),0
11,11.12,Penha (PE),1
11,11.12,Perus (PR),1
11,11.12,Pinheiros (PI),1
11,11.12,Pirituba/Jaraguá (PJ),1
11,11.12,Santana/Tucuruvi (ST),0
11,11.12,Santo Amaro (SA),0
11,11.12,São Mateus (SM),1
11,11.12,São Miguel Paulista (MP),0
11,11.12,Sapopemba (SP),0
11,11.12,Sé (SE),4
11,11.12,Vila Maria/Vila Guilherme (MG),0
11,11.12,Vila Mariana (VM),1
11,11.12,Vila Prudente (VP),1
11,11.12,A definir,0
11,11.12,Supraregional,0
11,11.13,Aricanduva (AF),0
11,11.13,Butantã (BT),0
11,11.13,Campo Limpo (CL),50
11,11.13,Capela do Socorro (CS),0
11,11.13,Casa Verde (CV),0
11,11.13,Cidade Ademar (AD),0
11,11.13,Cidade Tiradentes (CT),0
11,11.13,Ermelino Matarazzo (EM),0
11,11.13,Freguesia/Brasilândia (FO),0
11,11.13,Guaianases (G),0
11,11.13,Ipiranga (IP),50
11,11.13,Itaim Paulista (IT),0
11,11.13,Itaquera (IQ),50
11,11.13,Jabaquara (JA),0
11,11.13,Jaçanã/Tremembé (JT),0
11,11.13,Lapa (LA),0
11,11.13,M´Boi Mirim (MB),0
11,11.13,Mooca (MO),0
11,11.13,Parelheiros (PA),0
11,11.13,Penha (PE),0
11,11.13,Perus (PR),0
11,11.13,Pinheiros (PI),50
11,11.13,Pirituba/Jaraguá (PJ),0
11,11.13,Santana/Tucuruvi (ST),50
11,11.13,Santo Amaro (SA),0
11,11.13,São Mateus (SM),0
11,11.13,São Miguel Paulista (MP),0
11,11.13,Sapopemba (SP),0
11,11.13,Sé (SE),50
11,11.13,Vila Maria/Vila Guilherme (MG),0
11,11.13,Vila Mariana (VM),0
11,11.13,Vila Prudente (VP),0
11,11.13,A definir,0
11,11.13,Supraregional,0
11,11.14,Aricanduva (AF),0
11,11.14,Butantã (BT),1
11,11.14,Campo Limpo (CL),2
11,11.14,Capela do Socorro (CS),1
11,11.14,Casa Verde (CV),0
11,11.14,Cidade Ademar (AD),0
11,11.14,Cidade Tiradentes (CT),0
11,11.14,Ermelino Matarazzo (EM),1
11,11.14,Freguesia/Brasilândia (FO),1
11,11.14,Guaianases (G),0
11,11.14,Ipiranga (IP),0
11,11.14,Itaim Paulista (IT),2
11,11.14,Itaquera (IQ),1
11,11.14,Jabaquara (JA),1
11,11.14,Jaçanã/Tremembé (JT),1
11,11.14,Lapa (LA),1
11,11.14,M´Boi Mirim (MB),1
11,11.14,Mooca (MO),1
11,11.14,Parelheiros (PA),0
11,11.14,Penha (PE),1
11,11.14,Perus (PR),1
11,11.14,Pinheiros (PI),0
11,11.14,Pirituba/Jaraguá (PJ),3
11,11.14,Santana/Tucuruvi (ST),0
11,11.14,Santo Amaro (SA),1
11,11.14,São Mateus (SM),0
11,11.14,São Miguel Paulista (MP),0
11,11.14,Sapopemba (SP),0
11,11.14,Sé (SE),0
11,11.14,Vila Maria/Vila Guilherme (MG),1
11,11.14,Vila Mariana (VM),1
11,11.14,Vila Prudente (VP),1
11,11.14,A definir,0
11,11.14,Supraregional,0
13,13.4,Aricanduva (AF),1
13,13.4,Butantã (BT),1
13,13.4,Campo Limpo (CL),0
13,13.4,Capela do Socorro (CS),1
13,13.4,Casa Verde (CV),1
13,13.4,Cidade Ademar (AD),0
13,13.4,Cidade Tiradentes (CT),1
13,13.4,Ermelino Matarazzo (EM),1
13,13.4,Freguesia/Brasilândia (FO),1
13,13.4,Guaianases (G),1
13,13.4,Ipiranga (IP),1
13,13.4,Itaim Paulista (IT),1
13,13.4,Itaquera (IQ),1
13,13.4,Jabaquara (JA),1
13,13.4,Jaçanã/Tremembé (JT),0
13,13.4,Lapa (LA),1
13,13.4,M´Boi Mirim (MB),0
13,13.4,Mooca (MO),1
13,13.4,Parelheiros (PA),1
13,13.4,Penha (PE),1
13,13.4,Perus (PR),1
13,13.4,Pinheiros (PI),1
13,13.4,Pirituba/Jaraguá (PJ),1
13,13.4,Santana/Tucuruvi (ST),1
13,13.4,Santo Amaro (SA),1
13,13.4,São Mateus (SM),1
13,13.4,São Miguel Paulista (MP),1
13,13.4,Sapopemba (SP),1
13,13.4,Sé (SE),1
13,13.4,Vila Maria/Vila Guilherme (MG),0
13,13.4,Vila Mariana (VM),1
13,13.4,Vila Prudente (VP),1
13,13.4,A definir,0
13,13.4,Supraregional,0
14,14.2,Aricanduva (AF),1
14,14.2,Butantã (BT),0
14,14.2,Campo Limpo (CL),1
14,14.2,Capela do Socorro (CS),0
14,14.2,Casa Verde (CV),0
14,14.2,Cidade Ademar (AD),0
14,14.2,Cidade Tiradentes (CT),0
14,14.2,Ermelino Matarazzo (EM),0
14,14.2,Freguesia/Brasilândia (FO),0
14,14.2,Guaianases (G),0
14,14.2,Ipiranga (IP),0
14,14.2,Itaim Paulista (IT),1
14,14.2,Itaquera (IQ),0
14,14.2,Jabaquara (JA),0
14,14.2,Jaçanã/Tremembé (JT),1
14,14.2,Lapa (LA),0
14,14.2,M´Boi Mirim (MB),0
14,14.2,Mooca (MO),0
14,14.2,Parelheiros (PA),1
14,14.2,Penha (PE),0
14,14.2,Perus (PR),0
14,14.2,Pinheiros (PI),1
14,14.2,Pirituba/Jaraguá (PJ),1
14,14.2,Santana/Tucuruvi (ST),0
14,14.2,Santo Amaro (SA),1
14,14.2,São Mateus (SM),0
14,14.2,São Miguel Paulista (MP),0
14,14.2,Sapopemba (SP),0
14,14.2,Sé (SE),1
14,14.2,Vila Maria/Vila Guilherme (MG),0
14,14.2,Vila Mariana (VM),1
14,14.2,Vila Prudente (VP),0
14,14.2,A definir,0
14,14.2,Supraregional,0
15,15.1,Aricanduva (AF),0
15,15.1,Butantã (BT),0
15,15.1,Campo Limpo (CL),0
15,15.1,Capela do Socorro (CS),0
15,15.1,Casa Verde (CV),0
15,15.1,Cidade Ademar (AD),0
15,15.1,Cidade Tiradentes (CT),0
15,15.1,Ermelino Matarazzo (EM),0
15,15.1,Freguesia/Brasilândia (FO),0
15,15.1,Guaianases (G),0
15,15.1,Ipiranga (IP),1
15,15.1,Itaim Paulista (IT),0
15,15.1,Itaquera (IQ),0
15,15.1,Jabaquara (JA),0
15,15.1,Jaçanã/Tremembé (JT),0
15,15.1,Lapa (LA),0
15,15.1,M´Boi Mirim (MB),0
15,15.1,Mooca (MO),0
15,15.1,Parelheiros (PA),0
15,15.1,Penha (PE),0
15,15.1,Perus (PR),0
15,15.1,Pinheiros (PI),0
15,15.1,Pirituba/Jaraguá (PJ),0
15,15.1,Santana/Tucuruvi (ST),0
15,15.1,Santo Amaro (SA),0
15,15.1,São Mateus (SM),0
15,15.1,São Miguel Paulista (MP),0
15,15.1,Sapopemba (SP),0
15,15.1,Sé (SE),0
15,15.1,Vila Maria/Vila Guilherme (MG),0
15,15.1,Vila Mariana (VM),0
15,15.1,Vila Prudente (VP),0
15,15.1,A definir,3
15,15.1,Supraregional,0
15,15.2,Aricanduva (AF),1
15,15.2,Butantã (BT),0
15,15.2,Campo Limpo (CL),0
15,15.2,Capela do Socorro (CS),1
15,15.2,Casa Verde (CV),3
15,15.2,Cidade Ademar (AD),0
15,15.2,Cidade Tiradentes (CT),0
15,15.2,Ermelino Matarazzo (EM),2
15,15.2,Freguesia/Brasilândia (FO),0
15,15.2,Guaianases (G),1
15,15.2,Ipiranga (IP),1
15,15.2,Itaim Paulista (IT),0
15,15.2,Itaquera (IQ),1
15,15.2,Jabaquara (JA),1
15,15.2,Jaçanã/Tremembé (JT),1
15,15.2,Lapa (LA),1
15,15.2,M´Boi Mirim (MB),0
15,15.2,Mooca (MO),20
15,15.2,Parelheiros (PA),0
15,15.2,Penha (PE),4
15,15.2,Perus (PR),0
15,15.2,Pinheiros (PI),1
15,15.2,Pirituba/Jaraguá (PJ),0
15,15.2,Santana/Tucuruvi (ST),5
15,15.2,Santo Amaro (SA),3
15,15.2,São Mateus (SM),1
15,15.2,São Miguel Paulista (MP),2
15,15.2,Sapopemba (SP),0
15,15.2,Sé (SE),26
15,15.2,Vila Maria/Vila Guilherme (MG),3
15,15.2,Vila Mariana (VM),1
15,15.2,Vila Prudente (VP),2
15,15.2,A definir,0
15,15.2,Supraregional,0
15,15.4,Aricanduva (AF),1
15,15.4,Butantã (BT),0
15,15.4,Campo Limpo (CL),0
15,15.4,Capela do Socorro (CS),1
15,15.4,Casa Verde (CV),3
15,15.4,Cidade Ademar (AD),0
15,15.4,Cidade Tiradentes (CT),0
15,15.4,Ermelino Matarazzo (EM),2
15,15.4,Freguesia/Brasilândia (FO),0
15,15.4,Guaianases (G),1
15,15.4,Ipiranga (IP),1
15,15.4,Itaim Paulista (IT),0
15,15.4,Itaquera (IQ),1
15,15.4,Jabaquara (JA),1
15,15.4,Jaçanã/Tremembé (JT),1
15,15.4,Lapa (LA),1
15,15.4,M´Boi Mirim (MB),0
15,15.4,Mooca (MO),20
15,15.4,Parelheiros (PA),0
15,15.4,Penha (PE),4
15,15.4,Perus (PR),0
15,15.4,Pinheiros (PI),1
15,15.4,Pirituba/Jaraguá (PJ),0
15,15.4,Santana/Tucuruvi (ST),5
15,15.4,Santo Amaro (SA),3
15,15.4,São Mateus (SM),1
15,15.4,São Miguel Paulista (MP),2
15,15.4,Sapopemba (SP),0
15,15.4,Sé (SE),26
15,15.4,Vila Maria/Vila Guilherme (MG),3
15,15.4,Vila Mariana (VM),1
15,15.4,Vila Prudente (VP),2
15,15.4,A definir,0
15,15.4,Supraregional,0
15,15.5,Aricanduva (AF),0
15,15.5,Butantã (BT),0
15,15.5,Campo Limpo (CL),0
15,15.5,Capela do Socorro (CS),0
15,15.5,Casa Verde (CV),0
15,15.5,Cidade Ademar (AD),0
15,15.5,Cidade Tiradentes (CT),0
15,15.5,Ermelino Matarazzo (EM),0
15,15.5,Freguesia/Brasilândia (FO),0
15,15.5,Guaianases (G),0
15,15.5,Ipiranga (IP),1
15,15.5,Itaim Paulista (IT),0
15,15.5,Itaquera (IQ),0
15,15.5,Jabaquara (JA),0
15,15.5,Jaçanã/Tremembé (JT),0
15,15.5,Lapa (LA),0
15,15.5,M´Boi Mirim (MB),0
15,15.5,Mooca (MO),0
15,15.5,Parelheiros (PA),0
15,15.5,Penha (PE),0
15,15.5,Perus (PR),0
15,15.5,Pinheiros (PI),0
15,15.5,Pirituba/Jaraguá (PJ),0
15,15.5,Santana/Tucuruvi (ST),0
15,15.5,Santo Amaro (SA),0
15,15.5,São Mateus (SM),0
15,15.5,São Miguel Paulista (MP),0
15,15.5,Sapopemba (SP),0
15,15.5,Sé (SE),0
15,15.5,Vila Maria/Vila Guilherme (MG),0
15,15.5,Vila Mariana (VM),0
15,15.5,Vila Prudente (VP),0
15,15.5,A definir,3
15,15.5,Supraregional,0
15,15.7,Aricanduva (AF),0
15,15.7,Butantã (BT),0
15,15.7,Campo Limpo (CL),0
15,15.7,Capela do Socorro (CS),0
15,15.7,Casa Verde (CV),0
15,15.7,Cidade Ademar (AD),0
15,15.7,Cidade Tiradentes (CT),0
15,15.7,Ermelino Matarazzo (EM),0
15,15.7,Freguesia/Brasilândia (FO),0
15,15.7,Guaianases (G),0
15,15.7,Ipiranga (IP),0
15,15.7,Itaim Paulista (IT),0
15,15.7,Itaquera (IQ),0
15,15.7,Jabaquara (JA),0
15,15.7,Jaçanã/Tremembé (JT),0
15,15.7,Lapa (LA),0
15,15.7,M´Boi Mirim (MB),0
15,15.7,Mooca (MO),1
15,15.7,Parelheiros (PA),0
15,15.7,Penha (PE),0
15,15.7,Perus (PR),0
15,15.7,Pinheiros (PI),0
15,15.7,Pirituba/Jaraguá (PJ),0
15,15.7,Santana/Tucuruvi (ST),0
15,15.7,Santo Amaro (SA),0
15,15.7,São Mateus (SM),0
15,15.7,São Miguel Paulista (MP),0
15,15.7,Sapopemba (SP),0
15,15.7,Sé (SE),0
15,15.7,Vila Maria/Vila Guilherme (MG),0
15,15.7,Vila Mariana (VM),0
15,15.7,Vila Prudente (VP),0
15,15.7,A definir,8
15,15.7,Supraregional,0
18,18.1,Aricanduva (AF),2
18,18.1,Butantã (BT),1
18,18.1,Campo Limpo (CL),1
18,18.1,Capela do Socorro (CS),1
18,18.1,Casa Verde (CV),1
18,18.1,Cidade Ademar (AD),0
18,18.1,Cidade Tiradentes (CT),2
18,18.1,Ermelino Matarazzo (EM),1
18,18.1,Freguesia/Brasilândia (FO),0
18,18.1,Guaianases (G),0
18,18.1,Ipiranga (IP),1
18,18.1,Itaim Paulista (IT),0
18,18.1,Itaquera (IQ),1
18,18.1,Jabaquara (JA),1
18,18.1,Jaçanã/Tremembé (JT),0
18,18.1,Lapa (LA),2
18,18.1,M´Boi Mirim (MB),0
18,18.1,Mooca (MO),1
18,18.1,Parelheiros (PA),0
18,18.1,Penha (PE),1
18,18.1,Perus (PR),1
18,18.1,Pinheiros (PI),0
18,18.1,Pirituba/Jaraguá (PJ),2
18,18.1,Santana/Tucuruvi (ST),1
18,18.1,Santo Amaro (SA),2
18,18.1,São Mateus (SM),0
18,18.1,São Miguel Paulista (MP),0
18,18.1,Sapopemba (SP),0
18,18.1,Sé (SE),3
18,18.1,Vila Maria/Vila Guilherme (MG),0
18,18.1,Vila Mariana (VM),2
18,18.1,Vila Prudente (VP),1
18,18.1,A definir,0
18,18.1,Supraregional,0
18,18.3,Aricanduva (AF),2200
18,18.3,Butantã (BT),817
18,18.3,Campo Limpo (CL),475
18,18.3,Capela do Socorro (CS),293
18,18.3,Casa Verde (CV),446
18,18.3,Cidade Ademar (AD),0
18,18.3,Cidade Tiradentes (CT),719
18,18.3,Ermelino Matarazzo (EM),287
18,18.3,Freguesia/Brasilândia (FO),900
18,18.3,Guaianases (G),0
18,18.3,Ipiranga (IP),981
18,18.3,Itaim Paulista (IT),350
18,18.3,Itaquera (IQ),300
18,18.3,Jabaquara (JA),1320
18,18.3,Jaçanã/Tremembé (JT),280
18,18.3,Lapa (LA),929
18,18.3,M´Boi Mirim (MB),0
18,18.3,Mooca (MO),569
18,18.3,Parelheiros (PA),0
18,18.3,Penha (PE),865
18,18.3,Perus (PR),129
18,18.3,Pinheiros (PI),0
18,18.3,Pirituba/Jaraguá (PJ),689
18,18.3,Santana/Tucuruvi (ST),2141
18,18.3,Santo Amaro (SA),2267
18,18.3,São Mateus (SM),750
18,18.3,São Miguel Paulista (MP),0
18,18.3,Sapopemba (SP),483
18,18.3,Sé (SE),1900
18,18.3,Vila Maria/Vila Guilherme (MG),939
18,18.3,Vila Mariana (VM),500
18,18.3,Vila Prudente (VP),0
18,18.3,A definir,0
18,18.3,Supraregional,0
18,18.5,Aricanduva (AF),1031
18,18.5,Butantã (BT),620
18,18.5,Campo Limpo (CL),630
18,18.5,Capela do Socorro (CS),1101
18,18.5,Casa Verde (CV),150
18,18.5,Cidade Ademar (AD),0
18,18.5,Cidade Tiradentes (CT),560
18,18.5,Ermelino Matarazzo (EM),278
18,18.5,Freguesia/Brasilândia (FO),430
18,18.5,Guaianases (G),0
18,18.5,Ipiranga (IP),907
18,18.5,Itaim Paulista (IT),583
18,18.5,Itaquera (IQ),430
18,18.5,Jabaquara (JA),1009
18,18.5,Jaçanã/Tremembé (JT),368
18,18.5,Lapa (LA),440
18,18.5,M´Boi Mirim (MB),200
18,18.5,Mooca (MO),527
18,18.5,Parelheiros (PA),0
18,18.5,Penha (PE),531
18,18.5,Perus (PR),95
18,18.5,Pinheiros (PI),0
18,18.5,Pirituba/Jaraguá (PJ),1200
18,18.5,Santana/Tucuruvi (ST),890
18,18.5,Santo Amaro (SA),1450
18,18.5,São Mateus (SM),360
18,18.5,São Miguel Paulista (MP),205
18,18.5,Sapopemba (SP),350
18,18.5,Sé (SE),1610
18,18.5,Vila Maria/Vila Guilherme (MG),675
18,18.5,Vila Mariana (VM),670
18,18.5,Vila Prudente (VP),0
18,18.5,A definir,0
18,18.5,Supraregional,0
18,18.8,Aricanduva (AF),2
18,18.8,Butantã (BT),2
18,18.8,Campo Limpo (CL),2
18,18.8,Capela do Socorro (CS),2
18,18.8,Casa Verde (CV),3
18,18.8,Cidade Ademar (AD),2
18,18.8,Cidade Tiradentes (CT),2
18,18.8,Ermelino Matarazzo (EM),2
18,18.8,Freguesia/Brasilândia (FO),3
18,18.8,Guaianases (G),3
18,18.8,Ipiranga (IP),2
18,18.8,Itaim Paulista (IT),3
18,18.8,Itaquera (IQ),3
18,18.8,Jabaquara (JA),2
18,18.8,Jaçanã/Tremembé (JT),2
18,18.8,Lapa (LA),2
18,18.8,M´Boi Mirim (MB),2
18,18.8,Mooca (MO),2
18,18.8,Parelheiros (PA),2
18,18.8,Penha (PE),5
18,18.8,Perus (PR),2
18,18.8,Pinheiros (PI),2
18,18.8,Pirituba/Jaraguá (PJ),2
18,18.8,Santana/Tucuruvi (ST),2
18,18.8,Santo Amaro (SA),2
18,18.8,São Mateus (SM),2
18,18.8,São Miguel Paulista (MP),6
18,18.8,Sapopemba (SP),3
18,18.8,Sé (SE),3
18,18.8,Vila Maria/Vila Guilherme (MG),2
18,18.8,Vila Mariana (VM),3
18,18.8,Vila Prudente (VP),3
18,18.8,A definir,0
18,18.8,Supraregional,0
19,19.1,Aricanduva (AF),952
19,19.1,Butantã (BT),3041
19,19.1,Campo Limpo (CL),10820
19,19.1,Capela do Socorro (CS),6602
19,19.1,Casa Verde (CV),2428
19,19.1,Cidade Ademar (AD),7961
19,19.1,Cidade Tiradentes (CT),352
19,19.1,Ermelino Matarazzo (EM),1155
19,19.1,Freguesia/Brasilândia (FO),2024
19,19.1,Guaianases (G),593
19,19.1,Ipiranga (IP),3034
19,19.1,Itaim Paulista (IT),1795
19,19.1,Itaquera (IQ),2359
19,19.1,Jabaquara (JA),1964
19,19.1,Jaçanã/Tremembé (JT),3743
19,19.1,Lapa (LA),1011
19,19.1,M´Boi Mirim (MB),10169
19,19.1,Mooca (MO),1462
19,19.1,Parelheiros (PA),1729
19,19.1,Penha (PE),2276
19,19.1,Perus (PR),339
19,19.1,Pinheiros (PI),443
19,19.1,Pirituba/Jaraguá (PJ),1370
19,19.1,Santana/Tucuruvi (ST),1188
19,19.1,Santo Amaro (SA),1318
19,19.1,São Mateus (SM),5749
19,19.1,São Miguel Paulista (MP),2494
19,19.1,Sapopemba (SP),2490
19,19.1,Sé (SE),1200
19,19.1,Vila Maria/Vila Guilherme (MG),2083
19,19.1,Vila Mariana (VM),836
19,19.1,Vila Prudente (VP),520
19,19.1,A definir,0
19,19.1,Supraregional,0
29,29.1,Aricanduva (AF),0
29,29.1,Butantã (BT),1
29,29.1,Campo Limpo (CL),1
29,29.1,Capela do Socorro (CS),0
29,29.1,Casa Verde (CV),0
29,29.1,Cidade Ademar (AD),1
29,29.1,Cidade Tiradentes (CT),0
29,29.1,Ermelino Matarazzo (EM),1
29,29.1,Freguesia/Brasilândia (FO),1
29,29.1,Guaianases (G),1
29,29.1,Ipiranga (IP),1
29,29.1,Itaim Paulista (IT),1
29,29.1,Itaquera (IQ),0
29,29.1,Jabaquara (JA),0
29,29.1,Jaçanã/Tremembé (JT),0
29,29.1,Lapa (LA),0
29,29.1,M´Boi Mirim (MB),0
29,29.1,Mooca (MO),0
29,29.1,Parelheiros (PA),1
29,29.1,Penha (PE),0
29,29.1,Perus (PR),0
29,29.1,Pinheiros (PI),0
29,29.1,Pirituba/Jaraguá (PJ),1
29,29.1,Santana/Tucuruvi (ST),0
29,29.1,Santo Amaro (SA),1
29,29.1,São Mateus (SM),1
29,29.1,São Miguel Paulista (MP),0
29,29.1,Sapopemba (SP),0
29,29.1,Sé (SE),0
29,29.1,Vila Maria/Vila Guilherme (MG),0
29,29.1,Vila Mariana (VM),0
29,29.1,Vila Prudente (VP),0
29,29.1,A definir,0
29,29.1,Supraregional,0
29,29.6,Aricanduva (AF),0
29,29.6,Butantã (BT),0
29,29.6,Campo Limpo (CL),0
29,29.6,Capela do Socorro (CS),0
29,29.6,Casa Verde (CV),0
29,29.6,Cidade Ademar (AD),1
29,29.6,Cidade Tiradentes (CT),0
29,29.6,Ermelino Matarazzo (EM),0
29,29.6,Freguesia/Brasilândia (FO),0
29,29.6,Guaianases (G),0
29,29.6,Ipiranga (IP),0
29,29.6,Itaim Paulista (IT),0
29,29.6,Itaquera (IQ),0
29,29.6,Jabaquara (JA),0
29,29.6,Jaçanã/Tremembé (JT),0
29,29.6,Lapa (LA),0
29,29.6,M´Boi Mirim (MB),0
29,29.6,Mooca (MO),0
29,29.6,Parelheiros (PA),1
29,29.6,Penha (PE),0
29,29.6,Perus (PR),0
29,29.6,Pinheiros (PI),0
29,29.6,Pirituba/Jaraguá (PJ),0
29,29.6,Santana/Tucuruvi (ST),0
29,29.6,Santo Amaro (SA),0
29,29.6,São Mateus (SM),0
29,29.6,São Miguel Paulista (MP),0
29,29.6,Sapopemba (SP),0
29,29.6,Sé (SE),0
29,29.6,Vila Maria/Vila Guilherme (MG),0
29,29.6,Vila Mariana (VM),0
29,29.6,Vila Prudente (VP),0
29,29.6,A definir,0
29,29.6,Supraregional,0
30,30.1,Aricanduva (AF),3
30,30.1,Butantã (BT),1
30,30.1,Campo Limpo (CL),2
30,30.1,Capela do Socorro (CS),1
30,30.1,Casa Verde (CV),2
30,30.1,Cidade Ademar (AD),0
30,30.1,Cidade Tiradentes (CT),0
30,30.1,Ermelino Matarazzo (EM),1
30,30.1,Freguesia/Brasilândia (FO),2
30,30.1,Guaianases (G),2
30,30.1,Ipiranga (IP),3
30,30.1,Itaim Paulista (IT),1
30,30.1,Itaquera (IQ),3
30,30.1,Jabaquara (JA),1
30,30.1,Jaçanã/Tremembé (JT),1
30,30.1,Lapa (LA),2
30,30.1,M´Boi Mirim (MB),0
30,30.1,Mooca (MO),6
30,30.1,Parelheiros (PA),0
30,30.1,Penha (PE),2
30,30.1,Perus (PR),1
30,30.1,Pinheiros (PI),3
30,30.1,Pirituba/Jaraguá (PJ),2
30,30.1,Santana/Tucuruvi (ST),4
30,30.1,Santo Amaro (SA),2
30,30.1,São Mateus (SM),0
30,30.1,São Miguel Paulista (MP),1
30,30.1,Sapopemba (SP),1
30,30.1,Sé (SE),2
30,30.1,Vila Maria/Vila Guilherme (MG),1
30,30.1,Vila Mariana (VM),2
30,30.1,Vila Prudente (VP),2
30,30.1,A definir,0
30,30.1,Supraregional,0
30,30.3,Aricanduva (AF),11
30,30.3,Butantã (BT),4
30,30.3,Campo Limpo (CL),9
30,30.3,Capela do Socorro (CS),5
30,30.3,Casa Verde (CV),3
30,30.3,Cidade Ademar (AD),0
30,30.3,Cidade Tiradentes (CT),0
30,30.3,Ermelino Matarazzo (EM),5
30,30.3,Freguesia/Brasilândia (FO),13
30,30.3,Guaianases (G),10
30,30.3,Ipiranga (IP),14
30,30.3,Itaim Paulista (IT),6
30,30.3,Itaquera (IQ),14
30,30.3,Jabaquara (JA),5
30,30.3,Jaçanã/Tremembé (JT),5
30,30.3,Lapa (LA),9
30,30.3,M´Boi Mirim (MB),0
30,30.3,Mooca (MO),27
30,30.3,Parelheiros (PA),0
30,30.3,Penha (PE),10
30,30.3,Perus (PR),6
30,30.3,Pinheiros (PI),14
30,30.3,Pirituba/Jaraguá (PJ),10
30,30.3,Santana/Tucuruvi (ST),18
30,30.3,Santo Amaro (SA),15
30,30.3,São Mateus (SM),0
30,30.3,São Miguel Paulista (MP),5
30,30.3,Sapopemba (SP),4
30,30.3,Sé (SE),13
30,30.3,Vila Maria/Vila Guilherme (MG),5
30,30.3,Vila Mariana (VM),7
30,30.3,Vila Prudente (VP),5
30,30.3,A definir,0
30,30.3,Supraregional,0
30,30.4,Aricanduva (AF),3
30,30.4,Butantã (BT),1
30,30.4,Campo Limpo (CL),2
30,30.4,Capela do Socorro (CS),1
30,30.4,Casa Verde (CV),2
30,30.4,Cidade Ademar (AD),0
30,30.4,Cidade Tiradentes (CT),0
30,30.4,Ermelino Matarazzo (EM),1
30,30.4,Freguesia/Brasilândia (FO),2
30,30.4,Guaianases (G),2
30,30.4,Ipiranga (IP),3
30,30.4,Itaim Paulista (IT),1
30,30.4,Itaquera (IQ),3
30,30.4,Jabaquara (JA),1
30,30.4,Jaçanã/Tremembé (JT),1
30,30.4,Lapa (LA),2
30,30.4,M´Boi Mirim (MB),0
30,30.4,Mooca (MO),6
30,30.4,Parelheiros (PA),0
30,30.4,Penha (PE),2
30,30.4,Perus (PR),1
30,30.4,Pinheiros (PI),3
30,30.4,Pirituba/Jaraguá (PJ),2
30,30.4,Santana/Tucuruvi (ST),4
30,30.4,Santo Amaro (SA),2
30,30.4,São Mateus (SM),0
30,30.4,São Miguel Paulista (MP),1
30,30.4,Sapopemba (SP),1
30,30.4,Sé (SE),2
30,30.4,Vila Maria/Vila Guilherme (MG),1
30,30.4,Vila Mariana (VM),2
30,30.4,Vila Prudente (VP),2
30,30.4,A definir,0
30,30.4,Supraregional,0
30,30.5,Aricanduva (AF),3
30,30.5,Butantã (BT),1
30,30.5,Campo Limpo (CL),2
30,30.5,Capela do Socorro (CS),1
30,30.5,Casa Verde (CV),2
30,30.5,Cidade Ademar (AD),0
30,30.5,Cidade Tiradentes (CT),0
30,30.5,Ermelino Matarazzo (EM),1
30,30.5,Freguesia/Brasilândia (FO),2
30,30.5,Guaianases (G),2
30,30.5,Ipiranga (IP),3
30,30.5,Itaim Paulista (IT),1
30,30.5,Itaquera (IQ),3
30,30.5,Jabaquara (JA),1
30,30.5,Jaçanã/Tremembé (JT),1
30,30.5,Lapa (LA),2
30,30.5,M´Boi Mirim (MB),0
30,30.5,Mooca (MO),6
30,30.5,Parelheiros (PA),0
30,30.5,Penha (PE),2
30,30.5,Perus (PR),1
30,30.5,Pinheiros (PI),3
30,30.5,Pirituba/Jaraguá (PJ),2
30,30.5,Santana/Tucuruvi (ST),4
30,30.5,Santo Amaro (SA),2
30,30.5,São Mateus (SM),0
30,30.5,São Miguel Paulista (MP),1
30,30.5,Sapopemba (SP),1
30,30.5,Sé (SE),2
30,30.5,Vila Maria/Vila Guilherme (MG),1
30,30.5,Vila Mariana (VM),2
30,30.5,Vila Prudente (VP),2
30,30.5,A definir,0
30,30.5,Supraregional,0
30,30.6,Aricanduva (AF),3
30,30.6,Butantã (BT),1
30,30.6,Campo Limpo (CL),2
30,30.6,Capela do Socorro (CS),1
30,30.6,Casa Verde (CV),2
30,30.6,Cidade Ademar (AD),0
30,30.6,Cidade Tiradentes (CT),0
30,30.6,Ermelino Matarazzo (EM),1
30,30.6,Freguesia/Brasilândia (FO),2
30,30.6,Guaianases (G),2
30,30.6,Ipiranga (IP),3
30,30.6,Itaim Paulista (IT),1
30,30.6,Itaquera (IQ),3
30,30.6,Jabaquara (JA),1
30,30.6,Jaçanã/Tremembé (JT),1
30,30.6,Lapa (LA),2
30,30.6,M´Boi Mirim (MB),0
30,30.6,Mooca (MO),6
30,30.6,Parelheiros (PA),0
30,30.6,Penha (PE),2
30,30.6,Perus (PR),1
30,30.6,Pinheiros (PI),3
30,30.6,Pirituba/Jaraguá (PJ),2
30,30.6,Santana/Tucuruvi (ST),4
30,30.6,Santo Amaro (SA),2
30,30.6,São Mateus (SM),0
30,30.6,São Miguel Paulista (MP),1
30,30.6,Sapopemba (SP),1
30,30.6,Sé (SE),2
30,30.6,Vila Maria/Vila Guilherme (MG),1
30,30.6,Vila Mariana (VM),2
30,30.6,Vila Prudente (VP),2
30,30.6,A definir,0
30,30.6,Supraregional,0
30,30.8,Aricanduva (AF),0
30,30.8,Butantã (BT),0
30,30.8,Campo Limpo (CL),0
30,30.8,Capela do Socorro (CS),0
30,30.8,Casa Verde (CV),0
30,30.8,Cidade Ademar (AD),1
30,30.8,Cidade Tiradentes (CT),1
30,30.8,Ermelino Matarazzo (EM),0
30,30.8,Freguesia/Brasilândia (FO),0
30,30.8,Guaianases (G),0
30,30.8,Ipiranga (IP),0
30,30.8,Itaim Paulista (IT),0
30,30.8,Itaquera (IQ),0
30,30.8,Jabaquara (JA),0
30,30.8,Jaçanã/Tremembé (JT),0
30,30.8,Lapa (LA),0
30,30.8,M´Boi Mirim (MB),1
30,30.8,Mooca (MO),0
30,30.8,Parelheiros (PA),1
30,30.8,Penha (PE),0
30,30.8,Perus (PR),0
30,30.8,Pinheiros (PI),0
30,30.8,Pirituba/Jaraguá (PJ),0
30,30.8,Santana/Tucuruvi (ST),0
30,30.8,Santo Amaro (SA),0
30,30.8,São Mateus (SM),1
30,30.8,São Miguel Paulista (MP),0
30,30.8,Sapopemba (SP),0
30,30.8,Sé (SE),0
30,30.8,Vila Maria/Vila Guilherme (MG),0
30,30.8,Vila Mariana (VM),0
30,30.8,Vila Prudente (VP),0
30,30.8,A definir,0
30,30.8,Supraregional,0
30,30.10,Aricanduva (AF),2
30,30.10,Butantã (BT),0
30,30.10,Campo Limpo (CL),0
30,30.10,Capela do Socorro (CS),0
30,30.10,Casa Verde (CV),1
30,30.10,Cidade Ademar (AD),0
30,30.10,Cidade Tiradentes (CT),0
30,30.10,Ermelino Matarazzo (EM),0
30,30.10,Freguesia/Brasilândia (FO),0
30,30.10,Guaianases (G),0
30,30.10,Ipiranga (IP),0
30,30.10,Itaim Paulista (IT),0
30,30.10,Itaquera (IQ),0
30,30.10,Jabaquara (JA),0
30,30.10,Jaçanã/Tremembé (JT),0
30,30.10,Lapa (LA),0
30,30.10,M´Boi Mirim (MB),0
30,30.10,Mooca (MO),0
30,30.10,Parelheiros (PA),0
30,30.10,Penha (PE),0
30,30.10,Perus (PR),0
30,30.10,Pinheiros (PI),0
30,30.10,Pirituba/Jaraguá (PJ),1
30,30.10,Santana/Tucuruvi (ST),0
30,30.10,Santo Amaro (SA),0
30,30.10,São Mateus (SM),0
30,30.10,São Miguel Paulista (MP),0
30,30.10,Sapopemba (SP),0
30,30.10,Sé (SE),0
30,30.10,Vila Maria/Vila Guilherme (MG),0
30,30.10,Vila Mariana (VM),0
30,30.10,Vila Prudente (VP),0
30,30.10,A definir,0
30,30.10,Supraregional,0
35,35.3,Aricanduva (AF),0
35,35.3,Butantã (BT),0
35,35.3,Campo Limpo (CL),0
35,35.3,Capela do Socorro (CS),0
35,35.3,Casa Verde (CV),0
35,35.3,Cidade Ademar (AD),0
35,35.3,Cidade Tiradentes (CT),0
35,35.3,Ermelino Matarazzo (EM),0
35,35.3,Freguesia/Brasilândia (FO),0
35,35.3,Guaianases (G),0
35,35.3,Ipiranga (IP),0
35,35.3,Itaim Paulista (IT),0
35,35.3,Itaquera (IQ),0
35,35.3,Jabaquara (JA),0
35,35.3,Jaçanã/Tremembé (JT),0
35,35.3,Lapa (LA),2
35,35.3,M´Boi Mirim (MB),0
35,35.3,Mooca (MO),0
35,35.3,Parelheiros (PA),0
35,35.3,Penha (PE),1
35,35.3,Perus (PR),1
35,35.3,Pinheiros (PI),1
35,35.3,Pirituba/Jaraguá (PJ),0
35,35.3,Santana/Tucuruvi (ST),0
35,35.3,Santo Amaro (SA),0
35,35.3,São Mateus (SM),0
35,35.3,São Miguel Paulista (MP),1
35,35.3,Sapopemba (SP),0
35,35.3,Sé (SE),5
35,35.3,Vila Maria/Vila Guilherme (MG),0
35,35.3,Vila Mariana (VM),0
35,35.3,Vila Prudente (VP),0
35,35.3,A definir,1
35,35.3,Supraregional,0
35,35.4,Aricanduva (AF),0
35,35.4,Butantã (BT),0
35,35.4,Campo Limpo (CL),0
35,35.4,Capela do Socorro (CS),0
35,35.4,Casa Verde (CV),0
35,35.4,Cidade Ademar (AD),0
35,35.4,Cidade Tiradentes (CT),0
35,35.4,Ermelino Matarazzo (EM),0
35,35.4,Freguesia/Brasilândia (FO),0
35,35.4,Guaianases (G),0
35,35.4,Ipiranga (IP),1
35,35.4,Itaim Paulista (IT),0
35,35.4,Itaquera (IQ),1
35,35.4,Jabaquara (JA),0
35,35.4,Jaçanã/Tremembé (JT),0
35,35.4,Lapa (LA),1
35,35.4,M´Boi Mirim (MB),0
35,35.4,Mooca (MO),0
35,35.4,Parelheiros (PA),0
35,35.4,Penha (PE),0
35,35.4,Perus (PR),0
35,35.4,Pinheiros (PI),0
35,35.4,Pirituba/Jaraguá (PJ),0
35,35.4,Santana/Tucuruvi (ST),0
35,35.4,Santo Amaro (SA),0
35,35.4,São Mateus (SM),0
35,35.4,São Miguel Paulista (MP),0
35,35.4,Sapopemba (SP),0
35,35.4,Sé (SE),1
35,35.4,Vila Maria/Vila Guilherme (MG),0
35,35.4,Vila Mariana (VM),3
35,35.4,Vila Prudente (VP),0
35,35.4,A definir,0
35,35.4,Supraregional,0
35,35.5,Aricanduva (AF),6
35,35.5,Butantã (BT),0
35,35.5,Campo Limpo (CL),0
35,35.5,Capela do Socorro (CS),1
35,35.5,Casa Verde (CV),0
35,35.5,Cidade Ademar (AD),0
35,35.5,Cidade Tiradentes (CT),0
35,35.5,Ermelino Matarazzo (EM),0
35,35.5,Freguesia/Brasilândia (FO),0
35,35.5,Guaianases (G),0
35,35.5,Ipiranga (IP),0
35,35.5,Itaim Paulista (IT),0
35,35.5,Itaquera (IQ),0
35,35.5,Jabaquara (JA),0
35,35.5,Jaçanã/Tremembé (JT),0
35,35.5,Lapa (LA),0
35,35.5,M´Boi Mirim (MB),0
35,35.5,Mooca (MO),1
35,35.5,Parelheiros (PA),0
35,35.5,Penha (PE),0
35,35.5,Perus (PR),0
35,35.5,Pinheiros (PI),0
35,35.5,Pirituba/Jaraguá (PJ),0
35,35.5,Santana/Tucuruvi (ST),0
35,35.5,Santo Amaro (SA),0
35,35.5,São Mateus (SM),0
35,35.5,São Miguel Paulista (MP),0
35,35.5,Sapopemba (SP),0
35,35.5,Sé (SE),0
35,35.5,Vila Maria/Vila Guilherme (MG),0
35,35.5,Vila Mariana (VM),0
35,35.5,Vila Prudente (VP),0
35,35.5,A definir,0
35,35.5,Supraregional,0
35,35.6,Aricanduva (AF),0
35,35.6,Butantã (BT),2
35,35.6,Campo Limpo (CL),0
35,35.6,Capela do Socorro (CS),1
35,35.6,Casa Verde (CV),1
35,35.6,Cidade Ademar (AD),0
35,35.6,Cidade Tiradentes (CT),0
35,35.6,Ermelino Matarazzo (EM),0
35,35.6,Freguesia/Brasilândia (FO),1
35,35.6,Guaianases (G),0
35,35.6,Ipiranga (IP),1
35,35.6,Itaim Paulista (IT),0
35,35.6,Itaquera (IQ),1
35,35.6,Jabaquara (JA),0
35,35.6,Jaçanã/Tremembé (JT),0
35,35.6,Lapa (LA),1
35,35.6,M´Boi Mirim (MB),1
35,35.6,Mooca (MO),2
35,35.6,Parelheiros (PA),0
35,35.6,Penha (PE),0
35,35.6,Perus (PR),0
35,35.6,Pinheiros (PI),1
35,35.6,Pirituba/Jaraguá (PJ),0
35,35.6,Santana/Tucuruvi (ST),1
35,35.6,Santo Amaro (SA),2
35,35.6,São Mateus (SM),1
35,35.6,São Miguel Paulista (MP),1
35,35.6,Sapopemba (SP),0
35,35.6,Sé (SE),2
35,35.6,Vila Maria/Vila Guilherme (MG),0
35,35.6,Vila Mariana (VM),1
35,35.6,Vila Prudente (VP),0
35,35.6,A definir,30
35,35.6,Supraregional,0
40,40.1,Aricanduva (AF),Sim
40,40.1,Butantã (BT),Sim
40,40.1,Campo Limpo (CL),Sim
40,40.1,Capela do Socorro (CS),0
40,40.1,Casa Verde (CV),0
40,40.1,Cidade Ademar (AD),0
40,40.1,Cidade Tiradentes (CT),Sim
40,40.1,Ermelino Matarazzo (EM),0
40,40.1,Freguesia/Brasilândia (FO),0
40,40.1,Guaianases (G),Sim
40,40.1,Ipiranga (IP),Sim
40,40.1,Itaim Paulista (IT),Sim
40,40.1,Itaquera (IQ),Sim
40,40.1,Jabaquara (JA),0
40,40.1,Jaçanã/Tremembé (JT),0
40,40.1,Lapa (LA),0
40,40.1,M´Boi Mirim (MB),Sim
40,40.1,Mooca (MO),0
40,40.1,Parelheiros (PA),0
40,40.1,Penha (PE),0
40,40.1,Perus (PR),0
40,40.1,Pinheiros (PI),0
40,40.1,Pirituba/Jaraguá (PJ),0
40,40.1,Santana/Tucuruvi (ST),0
40,40.1,Santo Amaro (SA),0
40,40.1,São Mateus (SM),Sim
40,40.1,São Miguel Paulista (MP),0
40,40.1,Sapopemba (SP),0
40,40.1,Sé (SE),0
40,40.1,Vila Maria/Vila Guilherme (MG),0
40,40.1,Vila Mariana (VM),0
40,40.1,Vila Prudente (VP),Sim
40,40.1,A definir,0
40,40.1,Supraregional,0
40,40.2,Aricanduva (AF),0
40,40.2,Butantã (BT),0
40,40.2,Campo Limpo (CL),0
40,40.2,Capela do Socorro (CS),0
40,40.2,Casa Verde (CV),0
40,40.2,Cidade Ademar (AD),0
40,40.2,Cidade Tiradentes (CT),0
40,40.2,Ermelino Matarazzo (EM),0
40,40.2,Freguesia/Brasilândia (FO),0
40,40.2,Guaianases (G),0
40,40.2,Ipiranga (IP),0
40,40.2,Itaim Paulista (IT),1
40,40.2,Itaquera (IQ),1
40,40.2,Jabaquara (JA),0
40,40.2,Jaçanã/Tremembé (JT),0
40,40.2,Lapa (LA),0
40,40.2,M´Boi Mirim (MB),0
40,40.2,Mooca (MO),0
40,40.2,Parelheiros (PA),0
40,40.2,Penha (PE),0
40,40.2,Perus (PR),0
40,40.2,Pinheiros (PI),0
40,40.2,Pirituba/Jaraguá (PJ),0
40,40.2,Santana/Tucuruvi (ST),0
40,40.2,Santo Amaro (SA),0
40,40.2,São Mateus (SM),0
40,40.2,São Miguel Paulista (MP),0
40,40.2,Sapopemba (SP),0
40,40.2,Sé (SE),0
40,40.2,Vila Maria/Vila Guilherme (MG),0
40,40.2,Vila Mariana (VM),0
40,40.2,Vila Prudente (VP),0
40,40.2,A definir,0
40,40.2,Supraregional,0
45,45.1,Aricanduva (AF),0
45,45.1,Butantã (BT),6699
45,45.1,Campo Limpo (CL),0
45,45.1,Capela do Socorro (CS),0
45,45.1,Casa Verde (CV),0
45,45.1,Cidade Ademar (AD),0
45,45.1,Cidade Tiradentes (CT),0
45,45.1,Ermelino Matarazzo (EM),0
45,45.1,Freguesia/Brasilândia (FO),0
45,45.1,Guaianases (G),0
45,45.1,Ipiranga (IP),0
45,45.1,Itaim Paulista (IT),0
45,45.1,Itaquera (IQ),0
45,45.1,Jabaquara (JA),0
45,45.1,Jaçanã/Tremembé (JT),0
45,45.1,Lapa (LA),0
45,45.1,M´Boi Mirim (MB),0
45,45.1,Mooca (MO),0
45,45.1,Parelheiros (PA),0
45,45.1,Penha (PE),0
45,45.1,Perus (PR),575
45,45.1,Pinheiros (PI),0
45,45.1,Pirituba/Jaraguá (PJ),0
45,45.1,Santana/Tucuruvi (ST),0
45,45.1,Santo Amaro (SA),0
45,45.1,São Mateus (SM),3559
45,45.1,São Miguel Paulista (MP),0
45,45.1,Sapopemba (SP),0
45,45.1,Sé (SE),0
45,45.1,Vila Maria/Vila Guilherme (MG),0
45,45.1,Vila Mariana (VM),0
45,45.1,Vila Prudente (VP),0
45,45.1,A definir,0
45,45.1,Supraregional,0
45,45.2,Aricanduva (AF),0
45,45.2,Butantã (BT),0
45,45.2,Campo Limpo (CL),0
45,45.2,Capela do Socorro (CS),1661
45,45.2,Casa Verde (CV),0
45,45.2,Cidade Ademar (AD),10099
45,45.2,Cidade Tiradentes (CT),0
45,45.2,Ermelino Matarazzo (EM),0
45,45.2,Freguesia/Brasilândia (FO),0
45,45.2,Guaianases (G),0
45,45.2,Ipiranga (IP),0
45,45.2,Itaim Paulista (IT),0
45,45.2,Itaquera (IQ),0
45,45.2,Jabaquara (JA),0
45,45.2,Jaçanã/Tremembé (JT),0
45,45.2,Lapa (LA),0
45,45.2,M´Boi Mirim (MB),4856
45,45.2,Mooca (MO),0
45,45.2,Parelheiros (PA),51
45,45.2,Penha (PE),0
45,45.2,Perus (PR),0
45,45.2,Pinheiros (PI),0
45,45.2,Pirituba/Jaraguá (PJ),0
45,45.2,Santana/Tucuruvi (ST),0
45,45.2,Santo Amaro (SA),0
45,45.2,São Mateus (SM),0
45,45.2,São Miguel Paulista (MP),0
45,45.2,Sapopemba (SP),0
45,45.2,Sé (SE),0
45,45.2,Vila Maria/Vila Guilherme (MG),0
45,45.2,Vila Mariana (VM),0
45,45.2,Vila Prudente (VP),0
45,45.2,A definir,0
45,45.2,Supraregional,0
46,46.4,Aricanduva (AF),33
46,46.4,Butantã (BT),37
46,46.4,Campo Limpo (CL),9
46,46.4,Capela do Socorro (CS),16
46,46.4,Casa Verde (CV),6
46,46.4,Cidade Ademar (AD),32
46,46.4,Cidade Tiradentes (CT),17
46,46.4,Ermelino Matarazzo (EM),2
46,46.4,Freguesia/Brasilândia (FO),15
46,46.4,Guaianases (G),5
46,46.4,Ipiranga (IP),17
46,46.4,Itaim Paulista (IT),20
46,46.4,Itaquera (IQ),44
46,46.4,Jabaquara (JA),0
46,46.4,Jaçanã/Tremembé (JT),13
46,46.4,Lapa (LA),2
46,46.4,M´Boi Mirim (MB),6
46,46.4,Mooca (MO),0
46,46.4,Parelheiros (PA),61
46,46.4,Penha (PE),20
46,46.4,Perus (PR),4
46,46.4,Pinheiros (PI),0
46,46.4,Pirituba/Jaraguá (PJ),11
46,46.4,Santana/Tucuruvi (ST),2
46,46.4,Santo Amaro (SA),0
46,46.4,São Mateus (SM),23
46,46.4,São Miguel Paulista (MP),16
46,46.4,Sapopemba (SP),14
46,46.4,Sé (SE),1
46,46.4,Vila Maria/Vila Guilherme (MG),12
46,46.4,Vila Mariana (VM),26
46,46.4,Vila Prudente (VP),10
46,46.4,A definir,0
46,46.4,Supraregional,0
46,46.7,Aricanduva (AF),4
46,46.7,Butantã (BT),6
46,46.7,Campo Limpo (CL),9
46,46.7,Capela do Socorro (CS),6
46,46.7,Casa Verde (CV),5
46,46.7,Cidade Ademar (AD),7
46,46.7,Cidade Tiradentes (CT),5
46,46.7,Ermelino Matarazzo (EM),5
46,46.7,Freguesia/Brasilândia (FO),6
46,46.7,Guaianases (G),5
46,46.7,Ipiranga (IP),3
46,46.7,Itaim Paulista (IT),7
46,46.7,Itaquera (IQ),9
46,46.7,Jabaquara (JA),3
46,46.7,Jaçanã/Tremembé (JT),6
46,46.7,Lapa (LA),1
46,46.7,M´Boi Mirim (MB),9
46,46.7,Mooca (MO),0
46,46.7,Parelheiros (PA),3
46,46.7,Penha (PE),4
46,46.7,Perus (PR),6
46,46.7,Pinheiros (PI),0
46,46.7,Pirituba/Jaraguá (PJ),4
46,46.7,Santana/Tucuruvi (ST),1
46,46.7,Santo Amaro (SA),0
46,46.7,São Mateus (SM),5
46,46.7,São Miguel Paulista (MP),5
46,46.7,Sapopemba (SP),6
46,46.7,Sé (SE),0
46,46.7,Vila Maria/Vila Guilherme (MG),2
46,46.7,Vila Mariana (VM),0
46,46.7,Vila Prudente (VP),1
46,46.7,A definir,47
46,46.7,Supraregional,0
46,46.9,Aricanduva (AF),0
46,46.9,Butantã (BT),1
46,46.9,Campo Limpo (CL),0
46,46.9,Capela do Socorro (CS),1
46,46.9,Casa Verde (CV),1
46,46.9,Cidade Ademar (AD),1
46,46.9,Cidade Tiradentes (CT),1
46,46.9,Ermelino Matarazzo (EM),0
46,46.9,Freguesia/Brasilândia (FO),1
46,46.9,Guaianases (G),1
46,46.9,Ipiranga (IP),0
46,46.9,Itaim Paulista (IT),0
46,46.9,Itaquera (IQ),0
46,46.9,Jabaquara (JA),0
46,46.9,Jaçanã/Tremembé (JT),1
46,46.9,Lapa (LA),0
46,46.9,M´Boi Mirim (MB),1
46,46.9,Mooca (MO),0
46,46.9,Parelheiros (PA),1
46,46.9,Penha (PE),1
46,46.9,Perus (PR),0
46,46.9,Pinheiros (PI),0
46,46.9,Pirituba/Jaraguá (PJ),1
46,46.9,Santana/Tucuruvi (ST),0
46,46.9,Santo Amaro (SA),0
46,46.9,São Mateus (SM),1
46,46.9,São Miguel Paulista (MP),0
46,46.9,Sapopemba (SP),1
46,46.9,Sé (SE),0
46,46.9,Vila Maria/Vila Guilherme (MG),0
46,46.9,Vila Mariana (VM),0
46,46.9,Vila Prudente (VP),0
46,46.9,A definir,0
46,46.9,Supraregional,0
47,47.1,Aricanduva (AF),Sim
47,47.1,Butantã (BT),Sim
47,47.1,Campo Limpo (CL),Sim
47,47.1,Capela do Socorro (CS),Sim
47,47.1,Casa Verde (CV),0
47,47.1,Cidade Ademar (AD),Sim
47,47.1,Cidade Tiradentes (CT),Sim
47,47.1,Ermelino Matarazzo (EM),Sim
47,47.1,Freguesia/Brasilândia (FO),Sim
47,47.1,Guaianases (G),Sim
47,47.1,Ipiranga (IP),Sim
47,47.1,Itaim Paulista (IT),Sim
47,47.1,Itaquera (IQ),Sim
47,47.1,Jabaquara (JA),Sim
47,47.1,Jaçanã/Tremembé (JT),0
47,47.1,Lapa (LA),Sim
47,47.1,M´Boi Mirim (MB),Sim
47,47.1,Mooca (MO),Sim
47,47.1,Parelheiros (PA),0
47,47.1,Penha (PE),Sim
47,47.1,Perus (PR),0
47,47.1,Pinheiros (PI),Sim
47,47.1,Pirituba/Jaraguá (PJ),Sim
47,47.1,Santana/Tucuruvi (ST),Sim
47,47.1,Santo Amaro (SA),Sim
47,47.1,São Mateus (SM),Sim
47,47.1,São Miguel Paulista (MP),Sim
47,47.1,Sapopemba (SP),Sim
47,47.1,Sé (SE),Sim
47,47.1,Vila Maria/Vila Guilherme (MG),Sim
47,47.1,Vila Mariana (VM),Sim
47,47.1,Vila Prudente (VP),Sim
47,47.1,A definir,0
47,47.1,Supraregional,0
47,47.5,Aricanduva (AF),0
47,47.5,Butantã (BT),1
47,47.5,Campo Limpo (CL),1
47,47.5,Capela do Socorro (CS),1
47,47.5,Casa Verde (CV),1
47,47.5,Cidade Ademar (AD),0
47,47.5,Cidade Tiradentes (CT),0
47,47.5,Ermelino Matarazzo (EM),0
47,47.5,Freguesia/Brasilândia (FO),0
47,47.5,Guaianases (G),0
47,47.5,Ipiranga (IP),0
47,47.5,Itaim Paulista (IT),0
47,47.5,Itaquera (IQ),1
47,47.5,Jabaquara (JA),0
47,47.5,Jaçanã/Tremembé (JT),0
47,47.5,Lapa (LA),0
47,47.5,M´Boi Mirim (MB),0
47,47.5,Mooca (MO),0
47,47.5,Parelheiros (PA),0
47,47.5,Penha (PE),1
47,47.5,Perus (PR),0
47,47.5,Pinheiros (PI),0
47,47.5,Pirituba/Jaraguá (PJ),1
47,47.5,Santana/Tucuruvi (ST),0
47,47.5,Santo Amaro (SA),1
47,47.5,São Mateus (SM),1
47,47.5,São Miguel Paulista (MP),1
47,47.5,Sapopemba (SP),1
47,47.5,Sé (SE),0
47,47.5,Vila Maria/Vila Guilherme (MG),0
47,47.5,Vila Mariana (VM),0
47,47.5,Vila Prudente (VP),0
47,47.5,A definir,0
47,47.5,Supraregional,0
47,47.7,Aricanduva (AF) + Itaquera (IQ) + Penha (PE) + São Mateus (SM),11
47,47.8,Ipiranga (IP) + Jabaquara (JA),5
47,47.9,Vila Mariana (VM),2
47,47.10,Cidade Ademar (AD) + Jabaquara (JA) + Santo Amaro (SA),2
47,47.11,Cidade Ademar (AD) + Santo Amaro (SA),3
47,47.12,M´Boi Mirim (MB),1
47,47.13,Perus (PR) + Pirituba/Jaraguá (PJ),4
47,47.14,Jaçanã/Tremembé (JT) + Santana/Tucuruvi (ST),13
47,47.15,Jaçanã/Tremembé (JT),1
47,47.18,Aricanduva (AF),0
47,47.18,Butantã (BT),0
47,47.18,Campo Limpo (CL),0
47,47.18,Capela do Socorro (CS),0
47,47.18,Casa Verde (CV),0
47,47.18,Cidade Ademar (AD),0
47,47.18,Cidade Tiradentes (CT),0
47,47.18,Ermelino Matarazzo (EM),0
47,47.18,Freguesia/Brasilândia (FO),0
47,47.18,Guaianases (G),0
47,47.18,Ipiranga (IP),1
47,47.18,Itaim Paulista (IT),0
47,47.18,Itaquera (IQ),0
47,47.18,Jabaquara (JA),0
47,47.18,Jaçanã/Tremembé (JT),0
47,47.18,Lapa (LA),0
47,47.18,M´Boi Mirim (MB),0
47,47.18,Mooca (MO),0
47,47.18,Parelheiros (PA),0
47,47.18,Penha (PE),0
47,47.18,Perus (PR),0
47,47.18,Pinheiros (PI),0
47,47.18,Pirituba/Jaraguá (PJ),0
47,47.18,Santana/Tucuruvi (ST),0
47,47.18,Santo Amaro (SA),0
47,47.18,São Mateus (SM),0
47,47.18,São Miguel Paulista (MP),1
47,47.18,Sapopemba (SP),0
47,47.18,Sé (SE),1
47,47.18,Vila Maria/Vila Guilherme (MG),0
47,47.18,Vila Mariana (VM),0
47,47.18,Vila Prudente (VP),1
47,47.18,A definir,0
47,47.18,Supraregional,0
49,49.1,Aricanduva (AF),13
49,49.1,Butantã (BT),14
49,49.1,Campo Limpo (CL),13
49,49.1,Capela do Socorro (CS),14
49,49.1,Casa Verde (CV),12
49,49.1,Cidade Ademar (AD),12
49,49.1,Cidade Tiradentes (CT),13
49,49.1,Ermelino Matarazzo (EM),14
49,49.1,Freguesia/Brasilândia (FO),14
49,49.1,Guaianases (G),15
49,49.1,Ipiranga (IP),15
49,49.1,Itaim Paulista (IT),17
49,49.1,Itaquera (IQ),17
49,49.1,Jabaquara (JA),12
49,49.1,Jaçanã/Tremembé (JT),14
49,49.1,Lapa (LA),16
49,49.1,M´Boi Mirim (MB),16
49,49.1,Mooca (MO),18
49,49.1,Parelheiros (PA),14
49,49.1,Penha (PE),17
49,49.1,Perus (PR),16
49,49.1,Pinheiros (PI),13
49,49.1,Pirituba/Jaraguá (PJ),18
49,49.1,Santana/Tucuruvi (ST),17
49,49.1,Santo Amaro (SA),17
49,49.1,São Mateus (SM),14
49,49.1,São Miguel Paulista (MP),17
49,49.1,Sapopemba (SP),16
49,49.1,Sé (SE),16
49,49.1,Vila Maria/Vila Guilherme (MG),16
49,49.1,Vila Mariana (VM),14
49,49.1,Vila Prudente (VP),16
49,49.1,A definir,0
49,49.1,Supraregional,0
50,50.2,Sé (SE),38000
50,50.3,Sé (SE),60000
50,50.4,Sé (SE),17000
50,50.5,Sé (SE),30000
52,52.3,Aricanduva (AF),0
52,52.3,Butantã (BT),0
52,52.3,Campo Limpo (CL),0
52,52.3,Capela do Socorro (CS),0
52,52.3,Casa Verde (CV),0
52,52.3,Cidade Ademar (AD),0
52,52.3,Cidade Tiradentes (CT),0
52,52.3,Ermelino Matarazzo (EM),0
52,52.3,Freguesia/Brasilândia (FO),0
52,52.3,Guaianases (G),0
52,52.3,Ipiranga (IP),0
52,52.3,Itaim Paulista (IT),0
52,52.3,Itaquera (IQ),0
52,52.3,Jabaquara (JA),0
52,52.3,Jaçanã/Tremembé (JT),0
52,52.3,Lapa (LA),0
52,52.3,M´Boi Mirim (MB),0
52,52.3,Mooca (MO),0
52,52.3,Parelheiros (PA),126
52,52.3,Penha (PE),0
52,52.3,Perus (PR),0
52,52.3,Pinheiros (PI),0
52,52.3,Pirituba/Jaraguá (PJ),0
52,52.3,Santana/Tucuruvi (ST),0
52,52.3,Santo Amaro (SA),0
52,52.3,São Mateus (SM),0
52,52.3,São Miguel Paulista (MP),0
52,52.3,Sapopemba (SP),0
52,52.3,Sé (SE),0
52,52.3,Vila Maria/Vila Guilherme (MG),0
52,52.3,Vila Mariana (VM),0
52,52.3,Vila Prudente (VP),0
52,52.3,A definir,0
52,52.3,Supraregional,14
52,52.4,Aricanduva (AF),0
52,52.4,Butantã (BT),0
52,52.4,Campo Limpo (CL),0
52,52.4,Capela do Socorro (CS),0
52,52.4,Casa Verde (CV),0
52,52.4,Cidade Ademar (AD),0
52,52.4,Cidade Tiradentes (CT),0
52,52.4,Ermelino Matarazzo (EM),0
52,52.4,Freguesia/Brasilândia (FO),0
52,52.4,Guaianases (G),0
52,52.4,Ipiranga (IP),0
52,52.4,Itaim Paulista (IT),0
52,52.4,Itaquera (IQ),0
52,52.4,Jabaquara (JA),0
52,52.4,Jaçanã/Tremembé (JT),0
52,52.4,Lapa (LA),0
52,52.4,M´Boi Mirim (MB),0
52,52.4,Mooca (MO),0
52,52.4,Parelheiros (PA),750
52,52.4,Penha (PE),0
52,52.4,Perus (PR),0
52,52.4,Pinheiros (PI),0
52,52.4,Pirituba/Jaraguá (PJ),0
52,52.4,Santana/Tucuruvi (ST),0
52,52.4,Santo Amaro (SA),0
52,52.4,São Mateus (SM),0
52,52.4,São Miguel Paulista (MP),0
52,52.4,Sapopemba (SP),0
52,52.4,Sé (SE),0
52,52.4,Vila Maria/Vila Guilherme (MG),0
52,52.4,Vila Mariana (VM),0
52,52.4,Vila Prudente (VP),0
52,52.4,A definir,0
52,52.4,Supraregional,0
54,54.1,Aricanduva (AF),4
54,54.1,Butantã (BT),4
54,54.1,Campo Limpo (CL),4
54,54.1,Capela do Socorro (CS),4
54,54.1,Casa Verde (CV),4
54,54.1,Cidade Ademar (AD),4
54,54.1,Cidade Tiradentes (CT),4
54,54.1,Ermelino Matarazzo (EM),4
54,54.1,Freguesia/Brasilândia (FO),4
54,54.1,Guaianases (G),4
54,54.1,Ipiranga (IP),4
54,54.1,Itaim Paulista (IT),4
54,54.1,Itaquera (IQ),4
54,54.1,Jabaquara (JA),4
54,54.1,Jaçanã/Tremembé (JT),4
54,54.1,Lapa (LA),4
54,54.1,M´Boi Mirim (MB),4
54,54.1,Mooca (MO),4
54,54.1,Parelheiros (PA),4
54,54.1,Penha (PE),4
54,54.1,Perus (PR),4
54,54.1,Pinheiros (PI),4
54,54.1,Pirituba/Jaraguá (PJ),4
54,54.1,Santana/Tucuruvi (ST),4
54,54.1,Santo Amaro (SA),4
54,54.1,São Mateus (SM),4
54,54.1,São Miguel Paulista (MP),4
54,54.1,Sapopemba (SP),4
54,54.1,Sé (SE),4
54,54.1,Vila Maria/Vila Guilherme (MG),4
54,54.1,Vila Mariana (VM),4
54,54.1,Vila Prudente (VP),4
54,54.1,A definir,272
54,54.1,Supraregional,0
54,54.4,Aricanduva (AF),0
54,54.4,Butantã (BT),0
54,54.4,Campo Limpo (CL),0
54,54.4,Capela do Socorro (CS),0
54,54.4,Casa Verde (CV),0
54,54.4,Cidade Ademar (AD),0
54,54.4,Cidade Tiradentes (CT),600
54,54.4,Ermelino Matarazzo (EM),0
54,54.4,Freguesia/Brasilândia (FO),0
54,54.4,Guaianases (G),1200
54,54.4,Ipiranga (IP),0
54,54.4,Itaim Paulista (IT),600
54,54.4,Itaquera (IQ),600
54,54.4,Jabaquara (JA),0
54,54.4,Jaçanã/Tremembé (JT),0
54,54.4,Lapa (LA),0
54,54.4,M´Boi Mirim (MB),0
54,54.4,Mooca (MO),0
54,54.4,Parelheiros (PA),0
54,54.4,Penha (PE),0
54,54.4,Perus (PR),0
54,54.4,Pinheiros (PI),0
54,54.4,Pirituba/Jaraguá (PJ),0
54,54.4,Santana/Tucuruvi (ST),0
54,54.4,Santo Amaro (SA),0
54,54.4,São Mateus (SM),600
54,54.4,São Miguel Paulista (MP),600
54,54.4,Sapopemba (SP),0
54,54.4,Sé (SE),0
54,54.4,Vila Maria/Vila Guilherme (MG),0
54,54.4,Vila Mariana (VM),0
54,54.4,Vila Prudente (VP),0
54,54.4,A definir,2896
54,54.4,Supraregional,0
54,54.5,Aricanduva (AF),0
54,54.5,Butantã (BT),0
54,54.5,Campo Limpo (CL),0
54,54.5,Capela do Socorro (CS),0
54,54.5,Casa Verde (CV),0
54,54.5,Cidade Ademar (AD),0
54,54.5,Cidade Tiradentes (CT),0
54,54.5,Ermelino Matarazzo (EM),0
54,54.5,Freguesia/Brasilândia (FO),0
54,54.5,Guaianases (G),0
54,54.5,Ipiranga (IP),0
54,54.5,Itaim Paulista (IT),0
54,54.5,Itaquera (IQ),0
54,54.5,Jabaquara (JA),0
54,54.5,Jaçanã/Tremembé (JT),0
54,54.5,Lapa (LA),0
54,54.5,M´Boi Mirim (MB),0
54,54.5,Mooca (MO),0
54,54.5,Parelheiros (PA),0
54,54.5,Penha (PE),0
54,54.5,Perus (PR),0
54,54.5,Pinheiros (PI),0
54,54.5,Pirituba/Jaraguá (PJ),0
54,54.5,Santana/Tucuruvi (ST),0
54,54.5,Santo Amaro (SA),0
54,54.5,São Mateus (SM),0
54,54.5,São Miguel Paulista (MP),0
54,54.5,Sapopemba (SP),0
54,54.5,Sé (SE),1
54,54.5,Vila Maria/Vila Guilherme (MG),0
54,54.5,Vila Mariana (VM),0
54,54.5,Vila Prudente (VP),0
54,54.5,A definir,0
54,54.5,Supraregional,0
57,57.3,Aricanduva (AF),3
57,57.3,Butantã (BT),6
57,57.3,Campo Limpo (CL),2
57,57.3,Capela do Socorro (CS),7
57,57.3,Casa Verde (CV),4
57,57.3,Cidade Ademar (AD),3
57,57.3,Cidade Tiradentes (CT),2
57,57.3,Ermelino Matarazzo (EM),2
57,57.3,Freguesia/Brasilândia (FO),6
57,57.3,Guaianases (G),2
57,57.3,Ipiranga (IP),2
57,57.3,Itaim Paulista (IT),7
57,57.3,Itaquera (IQ),5
57,57.3,Jabaquara (JA),1
57,57.3,Jaçanã/Tremembé (JT),2
57,57.3,Lapa (LA),6
57,57.3,M´Boi Mirim (MB),6
57,57.3,Mooca (MO),3
57,57.3,Parelheiros (PA),2
57,57.3,Penha (PE),2
57,57.3,Perus (PR),1
57,57.3,Pinheiros (PI),7
57,57.3,Pirituba/Jaraguá (PJ),5
57,57.3,Santana/Tucuruvi (ST),1
57,57.3,Santo Amaro (SA),2
57,57.3,São Mateus (SM),8
57,57.3,São Miguel Paulista (MP),3
57,57.3,Sapopemba (SP),2
57,57.3,Sé (SE),10
57,57.3,Vila Maria/Vila Guilherme (MG),3
57,57.3,Vila Mariana (VM),3
57,57.3,Vila Prudente (VP),2
57,57.3,A definir,0
57,57.3,Supraregional,0
70,70.2,Aricanduva (AF),0
70,70.2,Butantã (BT),0
70,70.2,Campo Limpo (CL),0
70,70.2,Capela do Socorro (CS),0
70,70.2,Casa Verde (CV),0
70,70.2,Cidade Ademar (AD),0
70,70.2,Cidade Tiradentes (CT),0
70,70.2,Ermelino Matarazzo (EM),0
70,70.2,Freguesia/Brasilândia (FO),0
70,70.2,Guaianases (G),"2,4"
70,70.2,Ipiranga (IP),0
70,70.2,Itaim Paulista (IT),"2,1"
70,70.2,Itaquera (IQ),0
70,70.2,Jabaquara (JA),0
70,70.2,Jaçanã/Tremembé (JT),0
70,70.2,Lapa (LA),0
70,70.2,M´Boi Mirim (MB),0
70,70.2,Mooca (MO),0
70,70.2,Parelheiros (PA),0
70,70.2,Penha (PE),0
70,70.2,Perus (PR),0
70,70.2,Pinheiros (PI),"6,1"
70,70.2,Pirituba/Jaraguá (PJ),5
70,70.2,Santana/Tucuruvi (ST),"5,9"
70,70.2,Santo Amaro (SA),"1,9"
70,70.2,São Mateus (SM),0
70,70.2,São Miguel Paulista (MP),0
70,70.2,Sapopemba (SP),0
70,70.2,Sé (SE),4
70,70.2,Vila Maria/Vila Guilherme (MG),"1,9"
70,70.2,Vila Mariana (VM),0
70,70.2,Vila Prudente (VP),0
70,70.2,A definir,"170,7"
70,70.2,Supraregional,0
71,71.4,Aricanduva (AF),0
71,71.4,Butantã (BT),6
71,71.4,Campo Limpo (CL),2
71,71.4,Capela do Socorro (CS),1
71,71.4,Casa Verde (CV),2
71,71.4,Cidade Ademar (AD),1
71,71.4,Cidade Tiradentes (CT),0
71,71.4,Ermelino Matarazzo (EM),0
71,71.4,Freguesia/Brasilândia (FO),1
71,71.4,Guaianases (G),0
71,71.4,Ipiranga (IP),1
71,71.4,Itaim Paulista (IT),1
71,71.4,Itaquera (IQ),0
71,71.4,Jabaquara (JA),0
71,71.4,Jaçanã/Tremembé (JT),0
71,71.4,Lapa (LA),7
71,71.4,M´Boi Mirim (MB),1
71,71.4,Mooca (MO),3
71,71.4,Parelheiros (PA),0
71,71.4,Penha (PE),1
71,71.4,Perus (PR),0
71,71.4,Pinheiros (PI),11
71,71.4,Pirituba/Jaraguá (PJ),1
71,71.4,Santana/Tucuruvi (ST),2
71,71.4,Santo Amaro (SA),5
71,71.4,São Mateus (SM),1
71,71.4,São Miguel Paulista (MP),1
71,71.4,Sapopemba (SP),1
71,71.4,Sé (SE),9
71,71.4,Vila Maria/Vila Guilherme (MG),1
71,71.4,Vila Mariana (VM),6
71,71.4,Vila Prudente (VP),1
71,71.4,A definir,159
71,71.4,Supraregional,0
